to be under house arrest,bị quản thúc tại nhà
Knuckle down,bắt tay vào làm việc nghiêm túc
To get around to,cuối cùng cũng làm được điều gì đó
To cook the books,gian lận sổ sách kế toán
Burn the midnight oil,thức khuya làm việc hoặc học bài
Count on,dựa vào ai đó
Take after,giống ai đó trong gia đình
sneak out,lẻn ra ngoài
barge in,"xông vào, chen ngang"
calm down,bình tĩnh lại; làm ai đó bình tĩnh
fall out,"cãi nhau, nghỉ chơi"
to bring up,nuôi dưỡng
be fed up,chán ngấy
be in bad taste,"phản cảm, thiếu tế nhị"
be in the public eye,bị chú ý bởi công chúng
turn down,từ chối
dwell on,suy nghĩ tiêu cực mãi về
look forward to,mong đợi
look down on,xem thường
boss around,ra lệnh một cách hách dịch
stand up to,"đối đầu, chống lại"
back up,"hỗ trợ, ủng hộ"
look up,tra cứu
think through,suy nghĩ thấu đáo
break down,hư hỏng (máy móc)
freak out,"hoảng loạn, nổi giận"
turn up,"xuất hiện, đến nơi"
get on,"lên xe, tàu, máy bay"
sell out,bán hết
join in,tham gia vào
pass out,ngất xỉu
carry on,tiếp tục
blow away,làm kinh ngạc
bring out,"phát hành, tung ra"
go off,"reo lên, nổ tung"
sleep in,ngủ nướng
hang out,"đi chơi, tụ tập"
rip off,lừa gạt tiền
watch out,"cẩn thận, coi chừng"
run out of,"hết, cạn kiệt"
talk into,thuyết phục
run into,tình cờ gặp
throw up,nôn mửa
break up,chia tay
show off,khoe khoang
split up,chia tay
move in,chuyển đến sống chung
hit on,tán tỉnh
keep on 'doing',tiếp tục (làm gì đó)
joke around,đùa giỡn
move out,chuyển đi
get over,vượt qua (cảm xúc)
get together,"gặp gỡ, tụ tập"
put off,hoãn lại
put on,mặc vào; tăng cân
get back into,quay lại với điều gì đó
give up,từ bỏ
cut down on,cắt giảm
eat out,ăn ngoài
save up,tiết kiệm tiền
throw out,vứt bỏ
figure out,tìm ra
set up,thành lập
call around,ghé qua
look after,chăm sóc
end up,kết cục là
keep up,theo kịp
wait up,thức chờ
get back,quay lại
wander off,đi lang thang
mess up,làm bừa bộn
give back,trả lại
miss out,bỏ lỡ
catch up,nói chuyện lại
meet up,gặp nhau
feel up to,cảm thấy đủ sức để làm gì
fall through,"thất bại, không xảy ra"
give away,"tặng, phát miễn phí"
take up,bắt đầu làm gì (thói quen mới)
stick at,kiên trì làm điều gì
drop out,"bỏ học, bỏ dở giữa chừng"
last,kéo dài
zone out,mất tập trung
take down,ghi chép lại
fall behind,tụt lại phía sau
drift off,ngủ gật
knuckle down,bắt tay vào làm việc chăm chỉ
bring back,mang về
grow on,dần dần yêu thích
grow up,trưởng thành
sort out,"giải quyết, sắp xếp"
look for,tìm kiếm
fill in for,làm thay ai đó
get by,xoay sở
pay back,trả lại tiền
set up,mai mối
get on,hòa hợp với ai đó
work out,diễn ra tốt đẹp
move on,tiến về phía trước
cheer up,làm vui lên
fall for,phải lòng ai đó
ask out,mời ai đó đi chơi
chat up,tán tỉnh ai đó
back out,rút lui
come up with,nghĩ ra điều gì
puzzle over,suy nghĩ về điều khó hiểu
be comprised of,bao gồm
To set up,mai mối ai đó
Get big break,cơ hội đột phá
Office politics,chính trị nơi công sở
Pick holes in,bới móc lỗi
Get your foot in the door,bắt đầu tạo dựng chỗ đứng
See eye to eye,đồng quan điểm
Pay under the table,trả lương chui
Talk shop,nói chuyện công việc
Put on the back burner,tạm gác lại
Throw in the towel,bỏ cuộc
Go the extra mile,nỗ lực hơn mong đợi
Think outside of the box,suy nghĩ đột phá
Get off on the wrong foot,Bắt đầu mối quan hệ một cách không suôn sẻ
Stand your ground,Giữ vững lập trường
Cut to the chase,Vào thẳng vấn đề
Be a blessing in disguise,Phúc họa đan xen
Cost an arm and a leg,Rất đắt đỏ
Learn the ropes,"Học việc, học cách làm việc"
Cook the books,Gian lận sổ sách kế toán
Make a cold call,Gọi điện thoại tiếp thị
Get the green light,"Được bật đèn xanh, được cho phép"
Twist arm,Thuyết phục ai đó làm điều họ không muốn
Run on a shoestring,Chạy với ngân sách eo hẹp
Be snowed under,Ngập trong công việc
Be in the red or black,Lỗ (in the red) / Lãi (in the black)
Miss the boat,Bỏ lỡ cơ hội
Jump the gun,"Hấp tấp, vội vàng"
Be in the loop,Nắm bắt thông tin
Move the goalposts,Thay đổi tiêu chuẩn/luật chơi
Be put on the map,Được biết đến rộng rãi
Do the donkey work,Làm việc nặng nhọc
Jump on the bandwagon,Theo trào lưu
Hold the fort,Tạm thời quản lý
Pay dividends,Mang lại lợi ích
Hold all the aces,Nắm mọi lợi thế
Cash in your chips,"nghỉ việc, về hưu"
Take on board,tiếp thu
Call it a day,kết thúc công việc
add up to,tương đương với
add up to,tổng cộng lên tới
answer back,cãi lại
ask out,rủ đi chơi
back down,rút lại ý kiến
back up,ủng hộ
back up,sao lưu dữ liệu
black out,làm tối om
black out,ngất lịm
bring about,gây ra
bring out,làm nổi bật
bring out,phát hành
bring together,kết nối
brush up on,ôn lại
build up,phát triển
build up,tăng lên
build up,"lớn lên, phát triển"
bump into,va phải
blend in,hòa nhập
blurt out,thốt ra
board up,bịt kín
break down,đập bé
break up,kết thúc
brighten up,trở nên tốt hơn
brighten up,trở nên rạng rõ hơn
brighten up,trở nên đẹp/hấp dẫn hơn
bump into,tình cờ gặp
buy off,đút lót
buy out,mua lại
buy up,"mua hết, mua sạch"
cancel out,triệt tiêu
carry over,"kéo dài, chuyển sang"
catch on,trở thành mốt
catch on,hiểu
centre around,xoay quanh
chance upon,tình cờ tìm thấy
change into,di chuyển đồ vật
change into,biến đổi thành
change out of,thay (quần áo) ra
check out,"kiểm tra, rà soát"
check out,đúng sự thật
clock up,đạt mức
close up,"khóa lại, đóng lại"
club together,góp tiền
come across,tình cờ gặp
come round to,thay đổi quan điểm
come between,gây mâu thuẫn
come off,"bị xóa, biến khỏi"
come out,được hiểu
come out,được phát hành
come out,được lộ
come out,được công khai
come out,kết quả
come round,tỉnh lại
come around to,thay đổi quan điểm
come out of,"bị xóa, biến khỏi"
come out clear,được hiểu
come up with,nghĩ ra
cordon off,chặn đường
crack down on,trừng trị
creep up on,lén tiếp cận
cut back on,cắt giảm
cut out,cắt giảm
die out,biến mất hoàn toàn
dig up,tìm kiếm kỹ
cool down,hạ nhiệt
come round,ghé thăm
come round,tái diễn
chase up,đuổi theo
crowd around,tụ tập quanh
check in,đăng ký
dig up,khai quật
dive in,bắt đầu làm một cách say mê
do away with,loại bỏ
do up,cài
drum up,lôi kéo khách hàng cho
dry up,"cạn khô, ráo nước"
dry up,hết
end up,có kết cục/ kết thúc
face up to,"đương đầu, đối mặt"
fade away,dần biến mất
fall behind,tụt hậu
figure out,"hiểu được, tìm ra"
fix up,"sửa chữa, phục hồi"
follow up,theo dõi sức khỏe
follow up,điều tra thêm
get across,truyền đạt
get round,trở nên phổ biến
get down,làm buồn/ thất vọng
get in,được bầu chọn
get into,"dính phải, vướng vào"
get into,đến nơi
get into,bắt đầu thích
get off,gửi
get over,giải quyết
get over,vượt qua (chuyện buồn)
get through,hoàn thành
get through,"sống sót, vượt qua"
get through,"dùng, sử dụng"
get through to,nối máy
get through to,"truyền đạt, giải thích"
give in,thỏa hiệp
give in,chịu thua
go astray,bị lạc đường
go down well or badly,(không) được đón nhận (bởi ai)
go in for,theo đuổi ngành/nghề
go in for,"thích, hưởng ứng"
go off,phát nổ
go off,bị ôi thiu
go off,rời đi
go off,không còn ưa thích
go together,đi liền với nhau
go together,phù hợp
grow on,khiến ai bắt đầu thích
hang out,thò đầu/ người ra khỏi (cửa sổ)
hang out,"hẹn hò, đi chơi"
head off,chặn đường
head off,ngăn chặn
heat up,(làm) nóng lên
hit back,phản pháo
hit back,trả đòn
knock or pull or tear down,"đổ bỏ, phá hủy"
lash out,"chỉ trích, đả kích"
lash out,tấn công
lay off,sa thải
lay off,ngừng
laze around,nghỉ xả hơi
let on,tiết lộ
lie ahead,"trước mắt, ở tương lai"
liven up,làm đẹp hơn
liven up,"làm thú vị hơn, cải thiện"
hit upon,tình cờ phát hiện
hit upon,chợt nghĩ ra
hold back,giữ lại
keep up,tiếp tục
key in,"nhập liệu, đánh máy"
kick off with,bắt đầu
kill off,tàn sát
knock off,ngừng làm việc
lock up,khóa toàn bộ cửa
lock up,tống giam
make into,biến đổi thành
make out,"nhận ra, xác định"
make over,"chỉnh trang, thay đổi diện mạo"
make up,bù vào
meet up,gặp gỡ
mess about or around,hành xử ngớ ngẩn
step aside,nhường đường
stop off,nghỉ giữa đường
store up,"tích lũy, dồn nén"
store up,tích trữ
summon up,dồn hết can đảm/ sức lực để làm gì
swot up on,học gạo
take after,giống
take apart,"tách rời, tách nhỏ"
take away,"trừ, bớt đi"
take down,tháo dỡ
take in,ghi chép lại
take in,chấp nhận
take in,bao gồm
take off,phát lên
take on,nhận nhiệm vụ
take out,đưa đi chơi
take over,tiếp quản
take over,nắm quyền kiểm soát
take to,bắt đầu thích
take to,bắt đầu thói quen
talk down to,lên giọng kể cả
talk over,thảo luận
talk round,thuyết phục được
test out,thử nghiệm
think over,cân nhắc kỹ
think through,xem xét
think up,bịa ra
throw out,"đuổi, tống cổ"
throw up,làm bắn tung lên
throw up,tạo ra bất ngờ
tide over,giúp vượt qua khó khăn
tip up,nghiêng
tip up,lật úp
touch up,"trau chuốt, sửa sang"
try out,dùng thử
turn into,chuyển thành
turn into,biến thành
use up,"dùng hết, dùng cạn sạch"
walk out,rời đi (vì giận)
walk out,"dứt ngọt bỏ đi, rời khỏi"
ward off,phòng ngừa
warm up,khởi động
waste away,dần trở nên gầy gò
water down,pha loãng
water down,làm dịu
wear down,làm hao mòn
wear down,hư mòn
wear out,"làm món cũ, hư hỏng"
weigh down,"đè nén, gây lo âu"
weigh down,đè nặng lên
while away,giết thời gian
wind down,"dần tàn, dần chấm dứt"
wind down,dần đóng cửa
wind down,"thả giãn, xả hơi"
write off,làm hỏng nặng
write off,"từ bỏ, xóa sổ"
throw the book at,trừng phạt ai đó thật nghiêm khắc
tidy sum or amount,khoản lớn
touch wood,"phỉ phui, trộm vía"
turn over a new leaf,có một khởi đầu mới
under thumb,không thoát khỏi bàn tay của ai
up in arms about,"buồn bực, tức giận vì điều gì"
variety is the spice of life,sự đa dạng là gia vị cuộc sống
your flesh and blood,họ hàng thân thuộc
out of the blue,hoàn toàn bất ngờ
out of this world,"tuyệt vời, không thể nào tốt hơn được"
over the top,"quá mức, vượt xa"
pride of place,vị trí cao quý
pull a few strings,nhờ vả mối quan hệ
put in perspective,"nhận xét, đánh giá đúng vị trí"
put two and two together,đoán trước sự việc
put your feet up,thư giãn
quick or slow on the uptake,hiểu nhanh/chậm
recharge your batteries,"sạc pin, nạp năng lượng"
red tape,thủ tục giấy tờ
reinvent the wheel,phí công tái tạo
ring a bell,nghe hơi quen
round the bend,điên rồi
satellite town,thành phố vệ tinh
is only human,ai đó cũng chỉ là người thôi
see eye to eye,đồng tình với ai
set your heart on,mong muốn điều gì đó xảy ra
speak volumes,biểu lộ sự thật mà không cần nói ra
split hairs,cãi nhau vì những điều không quan trọng
steal the show,"chiếm sóng, đột phá"
stick to your guns,giữ vững niềm tin
stop dead in your tracks,dừng đột ngột
take a short cut to,đi đường tắt
take stock of,dành nhiều thời gian để nghĩ bước tiếp theo
take the scenic route,đi đường vòng để ngắm cảnh
tell tales,"mách lẻo, đặt điều"
the edge over,lợi thế hơn so với ai
the luck of the draw,hên xui
the other day,"một hôm, gần đây"
the powers that be,người nắm quyền
the tools of the trade,"các công cụ, đồ nghề"
live and let live,sống để mà dễ sống
lose your bearings,"hoang mang, mất phương hướng"
make a beeline for,tiến thẳng về phía ai/cái gì
make yourself at home,cư xử như ở nhà
no rhyme or reason,"chẳng ra sao, vô lý"
not have a leg to stand on,không thể nào chứng minh mình đúng
not see the wood for the trees,chỉ thấy cây mà không thấy rừng
off the beaten track,nơi ít người biết đến
on good terms with,có mối quan hệ tốt với
on the spur of the moment,nổi hứng làm gì
on the street,vô gia cư
on the town,đi chơi tận hưởng
once in a blue moon,hiếm khi
over the moon,cực kỳ vui sướng
part and parcel,phần không thể thiếu
pass the buck,đùn đẩy trách nhiệm
play it by ear,tùy cơ ứng biến
pride yourself on,tự hào về điều gì
pull a fast one,lừa đảo
put your cards on the table,thẳng thắn nói rõ
put your feet up,"nghỉ ngơi, thư giãn"
put yourself in else’s shoes,đặt mình vào vị trí người khác
read between the lines,đọc giữa các dòng
red herring,đánh lạc hướng
red-letter day,ngày đáng nhớ
ring a bell,nghe quen quen
do on a whim,làm chuyện gì một cách ngẫu hứng
down on your luck,gặp khó khăn
draw the line at,không đồng ý hoàn toàn
fly off the handle,nổi khùng
zealous,nhiệt huyết
follow your nose,cứ đi thẳng đường rẽ
zenith,đỉnh cao
step aside,về hưu
for the time being,trong lúc này
smarten up,"cải thiện bề ngoài, cải tạo"
from time to time,đôi khi
get on like a house on fire,có quan hệ hòa thuận
get off your chest,giãi bày tâm sự
get the wrong end of the stick,hiểu lầm
get or catch drift,nắm được ý chính
give your word,hứa hẹn với ai
give a miss,không làm việc gì
go halves,mỗi người trả phần mình
go to your head,"kiêu căng, ngạo mạn"
grin and bear it,ngậm bồ hòn làm ngọt
have a change of heart,đổi ý
have green fingers,có tài trồng cây
have time on your hands,dư thời gian
have your wits about you,thông thái
be on the same wavelength,"cùng tần số, cùng quan điểm"
blot on the landscape,phá hủy phong cảnh
break even,hòa vốn
break the mould,phá cách
bury your head in the sand,"làm đà điểu, trốn tránh sự thật"
change your tune,đổi ý
clean as a whistle,trong sạch
clean as a whistle exterior,sạch bong
come clean,nói sự thật
come rain or shine,dù thế nào đi chăng nữa
commuter belt,khu vực vành đai thành phố
concrete jungle,"rừng bê tông, khu vực nhà cửa san sát"
couch potato,người hay xem tivi và lười vận động
cry over spilt milk,tiếc rẻ con gà quạ tha
set up,xây dựng
shout down,"la ó, hét lớn"
shrivel up,giảm sút
single out,chọn ra
size up,đánh giá
slip away,lẻn đi
slip up,sơ suất
smart up,làm đẹp lên
snow under,ngập trong việc
sound out,dò hỏi ý kiến
speak out,"lên tiếng, nói rõ"
spread out,tản ra
spring up,đột ngột xuất hiện
stand out,nổi bật
stand up to,đứng lên chống lại
step aside,từ chức
step down,từ bỏ chức vụ
step up,tăng cường
stick out,nhô ra
storm out,bỏ đi
sum up,tóm tắt
switch off,ngừng tập trung
tag along,theo sau
tail off,giảm dần
talk down,nói giọng hạ thấp
talk into,thuyết phục ai làm gì
talk out of,thuyết phục ai không làm gì
tear down,phá hủy
throw away,vứt bỏ
throw out,đuổi ra
tick off,trách mắng
tip off,báo tin
top off,hoàn thành
tune in,điều chỉnh
turn away,từ chối cho vào
turn out,hóa ra là
use up,sử dụng hết
walk out,rời đi bất ngờ
wear out,mệt mỏi rã rời
mess about or around,thư giãn
mess up,"gây lỗi, làm sai"
mix up,trộn lẫn
mount up,tăng vọt
move in with,chuyển tới (nơi ở mới)
move on,rời đi
move out,rời khỏi (nơi ở cũ)
move over,dịch sang
mull over,nghiền ngẫm
open up,mở cửa
opt out of,chọn không tham gia
paper over,che giấu
pass away or on,qua đời
patch up,hàn gắn
pay back,hoàn trả
pay out,trả
phase out,loại bỏ dần
pick on,trêu chọc
pick out,đón
pick up,lắp ghép thông tin
piece together,chất đống
pile up,gây khó chịu
play up,quyết tâm tiến hành
keep a straight face,giữ vẻ mặt nghiêm túc
keep posted,thường xuyên cập nhật thông tin
keep under your hat,giữ bí mật
keep up with the Joneses,đu đòi
keep your hair on,bình tĩnh nào
kick yourself,dằn vặt bản thân
knee-high to a grasshopper,lúc còn nhỏ xíu
know inside out,biết tường tận
know what’s what,hiểu rõ cái gì ra cái gì
last word in,"kiểu mới nhất, thành tựu mới nhất"
let nature take its course,hãy cứ để tự nhiên đi
let off steam,"xả hơi, xả giận"
let sleeping dogs lie,chuyện đã qua hãy để cho qua đi
let your hair down,xõa đi
life and soul of the party,linh hồn của bữa tiệc
like two peas in a pod,giống như hai giọt nước
line your pockets,"vì tiền mà bất chấp, mờ mắt vì tiền"
Your guess is as good as mine,tôi cũng không biết
Speak of the devil,vừa nhắc đã tới
Not a spark of decency,không có một chút lịch sự nào
In the heat of the moment,trong lúc mất bình tĩnh
Hear it on the grapevine,nghe phong thanh
Devil’s Advocate,người cố ý phản biện để tranh luận
Under his thumb,bị kiểm soát hoàn toàn
By fits and starts,lúc được lúc không
Out of the way,"kỳ lạ, không thông thường"
Be in a tight corner,rơi vào tình huống khó khăn
Keep fingers crossed,cầu mong điều tốt đẹp xảy ra
The gift of the gab,khả năng ăn nói lưu loát
Cost an arm and a leg,rất đắt đỏ
Smell a rat,nghi ngờ có điều khuất tất
By hook or by crook,bằng mọi cách
Spread like a wildfire,lan truyền nhanh chóng
Out of gear,"lệch nhịp, rối loạn"
Die in harness,chết khi vẫn đang làm việc
To be snowed under,bận ngập đầu
To get the sack,bị sa thải
Don’t give up a day’s job,chưa đủ giỏi để theo nghề
To balance the books,cân bằng sổ sách tài chính
A ball park figure,con số ước lượng
Yellow press,báo lá cải
A nine day’s Wonder,sớm nở chóng tàn
To move heaven and earth,cố gắng hết sức
A miss is as good as a mile,sai một ly đi một dặm
Make hay while the sun shines,tranh thủ lúc thuận lợi
All that glitters are not gold,chớ thấy sáng loáng mà tưởng là vàng
Foul play,hành vi gian lận
A fish out of water,như cá mắc cạn
A burnt child dreads the fire,trẻ bị bỏng sợ lửa
To set the Thames on fire,làm điều phi thường
A white elephant,của nợ đắt tiền
To throw dust in eyes,đánh lừa
Every dog has his day,ai rồi cũng có thời
Devil’s Playthings,trò chơi xấu xa
Go to the devil,cút đi
To step into dead man’s shoes,thế chỗ người đã khuất
Halcyon Days,ngày tháng yên bình
Evil days,ngày tháng khó khăn
Cut and dried,"rõ ràng, định sẵn"
Too many cooks spoil the broth,lắm thầy thối ma
To commit to memory,học thuộc lòng
A cock and bull story,chuyện bịa đặt
Close fisted,Keo kiệt
To square the circle,Cố làm điều không thể
Ball is in your court,Quyết định ở bạn
To pick and choose,Chọn lựa kỹ càng
She is no chicken,Không còn trẻ nữa
To Catch eye,Làm ai chú ý
Care killed the cat,Lo nghĩ quá có hại
Good wine needs no bush,Tốt không cần khoe
To kick the bucket,Chết
To make bricks without straw,Làm việc thiếu điều kiện
bread and butter,Kế sinh nhai
A Bolt from the Blue,Bất ngờ xảy ra
At First Blush,Mới nhìn qua
A wet blanket,Người làm cụt hứng
In Cold Blood,Máu lạnh
To bite the dust,Thất bại hoặc chết
To hit below the belt,Chơi xấu
Behind the scenes,Hậu trường
To cause bad blood,Gây thù hằn
To backbite a person,Nói xấu sau lưng
Bag and baggage,Mang theo tất cả
To have no backbone,Thiếu bản lĩnh
To keep the ball rolling,Tiếp tục công việc
To take up arms,cầm vũ khí
The other side of the coin,mặt khác của vấn đề
Rock the boat,làm xáo trộn
A cash cow,nguồn thu lợi nhuận lớn
Plenty more fish in the sea,còn nhiều người khác ngoài kia
Single and ready to mingle,độc thân và sẵn sàng hẹn hò
Mouths to feed,miệng ăn cần nuôi
To loosen the purse strings,nới lỏng hầu bao
To tighten belt,thắt lưng buộc bụng
Impulse purchase,mua sắm bốc đồng
Breadwinner,trụ cột tài chính trong gia đình
Consumerism,chủ nghĩa tiêu dùng
Investment,đầu tư
Make ends meet,đủ sống
To splash the cash,vung tiền
Plot,cốt truyện
Soundtrack,nhạc phim
Character,nhân vật
Cinematography,nghệ thuật quay phim
Scene,cảnh phim
Cast,dàn diễn viên
Box Office,doanh thu phòng vé
Existing Universe,vũ trụ điện ảnh có sẵn
Groundbreaking,đột phá
To steal the show,thu hút toàn bộ sự chú ý
Lyrics,lời bài hát
Chorus,điệp khúc
Melody,giai điệu
Snob,kẻ tự cao
Taste in music,gu âm nhạc
Soothing,êm dịu
Mainstream,"dòng chính, phổ biến"
Out of tune,lệch tông
Go on tour,đi lưu diễn
Following,lượng người hâm mộ
At one with nature,hòa mình với thiên nhiên
Desolate,hoang vắng
Pristine,nguyên sơ
Wilderness,vùng hoang dã
To blossom,nở hoa
Savanna,thảo nguyên
Deciduous,rụng lá theo mùa
Conservation,bảo tồn
To coexist,cùng tồn tại
A green thumb,có tài trồng cây
Human interest story,câu chuyện nhân văn
Tabloid,báo lá cải
Coverage,sự đưa tin
Exposé,bài phanh phui
Impartial,khách quan
Proprietor,chủ sở hữu
Keep up to speed,cập nhật thông tin
Doom and gloom,"tình trạng ảm đạm, u ám"
Headline,tiêu đề
Clickbait,tiêu đề giật gân
Have a short fuse,dễ nổi nóng
Two-faced,hai mặt
Bend over backwards to help,hết lòng giúp đỡ
Self-deprecating,tự giễu
Set in ways,bảo thủ
Comfortable in own skin,tự tin với bản thân
Absent-minded,đãng trí
On the ball,nhanh nhạy
A people person,người hướng ngoại
Nature versus nurture,bẩm sinh hay giáo dục
Companionship,tình bạn đồng hành
Purebred,thuần chủng
Affectionate,thể hiện tình cảm
Possessive,chiếm hữu
Unconditional love,tình yêu vô điều kiện
To shed,rụng lông
A dog or cat person,người thích chó/mèo
Groom,"chải chuốt, chăm sóc lông"
Breed,giống loài
Splurge,vung tiền
Retail therapy,liệu pháp mua sắm
Peruse,xem lướt qua
Shopaholic,người nghiện mua sắm
To shop around,so sánh giá cả
Same-day delivery,giao hàng trong ngày
Spoiled for choice,quá nhiều sự lựa chọn
Independent store,cửa hàng độc lập
On a tight budget,ngân sách eo hẹp
Sales Assistant,nhân viên bán hàng
Trolls,kẻ phá rối trên mạng
Derogatory,"xúc phạm, miệt thị"
Influencer,người ảnh hưởng
Instagrammable,đẹp để đăng Instagram
News feed,bảng tin
To monetize,kiếm tiền từ
Meme,ảnh chế
To vlog,quay video nhật ký
Filter,bộ lọc ảnh
Go viral,lan truyền mạnh
Astronaut,phi hành gia
Extraterrestrial life,sự sống ngoài hành tinh
The militarization of space,quân sự hóa không gian
Deep space,vũ trụ sâu
Cryogenic,thuộc nhiệt độ cực thấp
Light-year,năm ánh sáng
Astronomy,thiên văn học
In orbit,đang quay quanh quỹ đạo
Awe-inspiring,gây kinh ngạc
Camaraderie,tình bạn thân thiết
Go toe to toe,đối đầu trực diện
Spectator sport,môn thể thao thu hút người xem
Take up,bắt đầu một hoạt động
Practice religiously,luyện tập nghiêm túc
Contact sport,môn thể thao có va chạm
Exhilarating,gây phấn khích
Go down to the wire,kéo dài đến phút chót
Get a standing ovation,được đứng dậy vỗ tay khen ngợi
Breakthrough,đột phá
In layman’s terms,ngôn ngữ dễ hiểu
Artificial Intelligence,trí tuệ nhân tạo
Luddite,người ghét công nghệ
Cookies,tập tin cookie
Obsolete,lỗi thời
Game changer,yếu tố thay đổi cuộc chơi
Cryptocurrency,tiền điện tử
Cybersecurity,an ninh mạng
User-friendly,thân thiện với người dùng
Infrastructure,cơ sở hạ tầng
Bumper to bumper,kẹt xe nối đuôi nhau
Bottleneck,điểm nghẽn giao thông
Boy racer,tay lái trẻ bốc đồng
Road rage,cơn giận khi lái xe
Exhaust fumes,khí thải xe
Carpool,đi chung xe
Season ticket,vé dài hạn
Backseat driver,người ngồi sau hay chỉ đạo
Self-driving cars,xe tự lái
All-inclusive,bao trọn gói
Excursion,chuyến tham quan
Eat like pigs,ăn ngấu nghiến
Paradise,thiên đường
Get bearings,định hướng vị trí
To drink it in,thưởng ngoạn
Must-see,đáng xem
Show the sights,dẫn đi tham quan
Attentive,chu đáo
Highlight,điểm nhấn
Hurricane,bão lớn
Freezing,lạnh cóng
To get soaked,ướt sũng
Like a drowned rat,ướt như chuột lột
Heatwave,đợt nắng nóng
Humidity,độ ẩm
Overcast,u ám
Forecast,dự báo
A spell,một đợt
Chucking it down,mưa như trút nước
Repetitive,lặp đi lặp lại
To punch in,chấm công vào
To unplug,"ngắt kết nối, thư giãn"
To learn the ropes,học việc
Snowed under,bị ngập trong công việc
To pour heart and soul into,dốc hết tâm huyết
The daily grind,công việc hằng ngày nhàm chán
A cog in the machine,một phần nhỏ trong hệ thống lớn
Be a big fish in a small pond,cá lớn trong ao nhỏ
before your time,trước khi bạn được sinh ra
below or under par,dưới mức bình thường
big mouth,nhiều chuyện
home sweet home,không đâu bằng nhà
in or for donkey’s years,rất lâu
in bad or good books,mất lòng hoặc được lòng ai đó
in the dark about,không biết gì
in the middle of nowhere,ở nơi hẻo lánh
in the nick of time,vừa kịp lúc
in the sticks,nơi hẻo lánh
it’s as broad as it’s long,cũng thế cả thôi
a drop in the ocean,muối bỏ bể
a home from home,ngôi nhà thứ hai
a sight for sore eyes,cảnh đẹp ý vui
a stitch in time saves nine,một mũi khâu lúc này hơn chín mũi khâu sau
a stone’s throw away or from,rất gần
Achilles’ heel,"gót chân Achilles, điểm yếu"
add fuel to the fire,đổ thêm dầu vào lửa
all in good time,"kiên nhẫn, lặng lẽ"
all mod cons,tất cả tiện nghi hiện đại
an act of God,thảm họa thiên nhiên
as the crow flies,theo đường chim bay
at a loose end,vô công rồi nghề
at the drop of a hat,ngay lập tức
for good,mãi mãi
Abrupt,đột ngột
yearn,ao ước
absorbing,hấp dẫn
casual,"tự nhiên, không trịnh trọng"
exhilarating,"gây hứng khởi, hồi hộp"
fatigue,mệt nhọc
idle,"lười biếng, vô công rồi nghề"
idle,ăn không ngồi rồi
impractical,không thực tế
indispensable,không thể thiếu
indulge,"nuông chiều, thỏa mãn"
lifestyle,lối sống
leave,thời gian nghỉ phép
outing,cuộc đi chơi ngắn
pastime,trò tiêu khiển
pursue,theo đuổi
recreation,"sự giải trí, tiêu khiển"
respite,thời gian nghỉ ngơi
sedentary,"tĩnh tại, ít vận động"
socialise,giao tiếp xã hội
solitude,trạng thái cô độc dễ chịu
tedious,chán ngắt
trivial,"tầm thường, vụn vặt"
unwind,thư giãn
venue,địa điểm
decline,"giảm, suy tàn"
dedicated,tận tâm
delight,làm vui sướng
desire,"ao ước, khát khao"
desire,"niềm mơ ước, khao khát"
devote,cống hiến
devote,dành cho việc gì
differentiate,phân biệt
envy,ghen tị
envy,sự ghen tị
fancy,"thích, muốn"
fascination,"sự quyến rũ, hấp dẫn"
favour,sự ủng hộ
favour,thiên vị
favour,sự giúp đỡ
greedy,tham lam
impulse,sự thôi thúc
inclined,có khuynh hướng
liking,sự ưa thích
mediocre,tầm thường
motive,động cơ
mundane,tẻ nhạt
obsessed,bị ám ảnh
optional,tùy chọn
passion,niềm đam mê
praise,khen ngợi
praise,lời khen
resolve,quyết tâm
sacrifice,hy sinh
sacrifice,sự hy sinh
strive,phấn đấu
taste,"gu, khiếu thẩm mỹ"
tempting,đầy cám dỗ
urge,thúc giục
welcome,hoan nghênh
welcome,được chào đón
worthwhile,đáng giá
adopt,thực hiện
adopt,nhận nuôi
ancestor,tổ tiên
citizen,công dân
companion,người đồng hành
dependant,người sống phụ thuộc
descendant,hậu duệ
empathetic,thấu cảm
extrovert,người hướng ngoại
foster,nuôi dưỡng tạm thời
guardian,người giám hộ
introvert,người hướng nội
partner,đối tác
partner,bạn đời
peer,người đồng lứa
predecessor,người tiền nhiệm
sibling,anh/chị/em ruột
spouse,vợ hoặc chồng
stepmother or son or etc,"mẹ kế, con riêng..."
successor,người kế nhiệm
sympathise,đồng cảm
addiction,nghiện
adore,rất yêu thích
appeal,sự hấp dẫn
appeal,tính hấp dẫn
appeal,lời kháng cáo
arbitrary,tùy tiện
aspiration,khát vọng
bear,chịu đựng
compulsory,bắt buộc
content,hài lòng
craving,sự thèm muốn
decline,từ chối
dispute,tranh chấp
distinguish,phân biệt
diverse,đa dạng
divorce,ly hôn
equivalent,vật tương đương
equivalent,tương đương
exclude,loại trừ
external,bên ngoài
external,ở bên ngoài
identify,"xác nhận, nhận diện"
identify with,thấu hiểu
integral,"cần thiết, không thể thiếu"
integrate,hòa nhập
interfere,"xen vào, quấy rầy"
intermediate,trung gian
intermediate,trung cấp
internal,bên trong
intervene,can thiệp
intimate,thân mật
intimate,riêng tư
involve,bao gồm
involve,bao gồm ai đó tham gia
joint,"chung, cùng nhau"
liken,so sánh với
link,liên kết
link,mối liên hệ
merge,sáp nhập
mutual,"lẫn nhau, chung"
negotiate,đàm phán
related,liên quan
relative,tương đối
resemblance,sự tương đồng
acquaintance,người quen
installation,tác phẩm trưng bày
lines,lời thoại
masterpiece,kiệt tác
paperback,sách bìa mềm
period,thuộc về thời kỳ nào đó
period,thời kỳ
priceless,vô giá
ritual,"nghi lễ, nghi thức"
retrospective,hồi tưởng
retrospective,triển lãm hồi cố
score,nhạc phim
sketch,bức phác thảo
sketch,phác thảo
sketch,mô tả sơ lược
work of art,công trình nghệ thuật
worthless,vô giá trị
adjacent,ở sát cạnh
attach,"gắn liền, đính"
bond,gắn kết
bond,mối liên kết
coexist,cùng tồn tại
coherent,mạch lạc
compatible,"tương thích, hòa hợp"
compromise,sự thỏa hiệp
compromise,thỏa hiệp
conflict,xung đột
confront,đối mặt
confront,đương đầu
consistent,nhất quán
contradict,"mâu thuẫn, phủ nhận"
contradict,bác bỏ
contrasting,đối lập
cooperate,hợp tác
correspond,"tương ứng, khớp"
dispute,"tranh cãi, phản bác"
dispute,cuộc tranh cãi
ideal,"lý tưởng, tốt nhất"
ideal,lý tưởng
inadequate,"không đủ, không tương xứng"
invaluable,vô giá
optimum,tối ưu
optimum,mức tối ưu
outclass,vượt trội
prime,"chính, chủ yếu, ưu tú"
redeeming feature,điểm bù trừ
refurbish,"tân trang, cải tạo"
reinforce,gia cố
renovate,"nâng cấp, cải tạo"
rotten,"thối, hỏng"
rotten,tệ hại
rusty,bị gỉ sét
satisfactory,đủ dùng
satisfactory,hài lòng
shambles,"rối ren, hỗn loạn"
shoddy,chất lượng kém
sound,"hợp lý, đúng đắn"
sound,"toàn diện, vững chắc"
stale,"ôi, thiu"
streamline,tinh gọn
strengthen,"gia cố, củng cố"
surpass,vượt qua
ultimate,cuối cùng
ultimate,"tối thượng, tốt nhất"
worsen,làm trầm trọng hơn
wreck,đống đổ nát
wreck,phá hủy
abstract,trừu tượng
abstract,tác phẩm trừu tượng
auction,buổi đấu giá
audition,buổi thử vai
bestseller,sách bán chạy
collector’s item,đồ hiếm
curator,bảo tàng viên
fine art,mỹ thuật
diagnosis,chẩn đoán
inoculate,tiêm phòng
irritation,kích ứng
numb,tê liệt
numb,làm tê liệt
nursing home,viện dưỡng lão
paralysis,liệt
plaster,băng dán vết thương
plaster,thạch cao
prescribe,kê đơn
preventative medicine,y tế dự phòng
prognosis,tiên lượng
sick leave,nghỉ ốm
side effect,tác dụng phụ
syringe,ống tiêm
vaccine,vắc xin
ward,phòng bệnh
aggression,sự hung hăng
authority,quyền hạn
benign,lành tính
bully,bắt nạt
bully,kẻ bắt nạt
command,ra lệnh
command,mệnh lệnh
conquer,chinh phục
conquer,vượt qua
consent,đồng ý
consent,sự đồng ý
controversy,tranh cãi
dictator,nhà độc tài
dominate,áp đảo
eliminate,loại bỏ
enforce,thực thi
entitled,được quyền
exempt,được miễn
former,trước đó
impose,áp đặt
inferior,kém hơn
intimidate,hăm dọa
label,gán mác
label,"nhãn, nhãn hiệu"
liberate,giải phóng
mainstream,xu hướng chính
mainstream,chính thống
master,"nắm vững, tinh thông"
master,"chủ, thầy"
minister,bộ trưởng
monarch,"vua, chúa"
prohibit,cấm
reign,trị vì
reign,triều đại
reinforce,củng cố
reluctant,"chần chừ, miễn cưỡng"
resist,"chống cự, kháng cự"
resist,"cưỡng lại, kìm chế"
restrict,hạn chế
society,xã hội
subject,bắt phải chịu
subject,"chủ đề, đề tài"
subject,thần dân
subjective,chủ quan
submit,"phục tùng, đầu hàng"
submit,nộp
summon,triệu tập
superior,vượt trội
undermine,làm suy yếu
unrest,tình trạng bất ổn
victimise,ngược đãi
vulnerable,dễ bị tổn thương
abolish,bãi bỏ
advocate,ủng hộ công khai
alleviate,giảm bớt
aggravate,làm trầm trọng thêm
better,"vượt qua, vượt trội"
better,cải thiện
blemish,"vết nhơ, vết xấu"
chaos,hỗn loạn
cheapen,làm mất giá trị
contaminate,làm ô nhiễm
decay,"mục nát, suy tàn"
decay,"sự mục nát, suy tàn"
decline,giảm sút
defective,bị lỗi
detrimental,"có hại, bất lợi"
devastate,"tàn phá, phá hủy"
devastate,tàn phá về tinh thần
enhance,"nâng cao, cải thiện"
evaluate,đánh giá
exacerbate,làm trầm trọng thêm
exquisite,tinh xảo
first-rate,"hàng đầu, xuất sắc"
flaw,"lỗi, khuyết điểm"
bureaucracy,quan liêu
charity,tổ chức từ thiện
class,"giai cấp, tầng lớp"
community,cộng đồng
convict,kết tội
convict,tù nhân
corruption,sự tham nhũng
deterrent,răn đe
heritage,di sản
immigration,sự nhập cư
industrial action,trừng phạt lao động
institution,"cơ quan, tổ chức"
legislation,pháp luật
prejudice,định kiến
prison reform,cải cách nhà tù
privileged,được ưu tiên
prosecute,khởi tố
state,nhà nước
leverage,"đòn bẩy, lợi thế chiến lược"
abandon,"bỏ rơi, từ bỏ"
abysmal,tồi tệ
abominable,"đáng ghê tởm, kinh tởm"
assertive,"quả quyết, quyết đoán"
bias - biased,"thiên vị, định kiến"
bottom line,kết quả tài chính cuối cùng
bygone,"quá khứ, xưa cũ"
chief claim to fame,lý do chính khiến nổi tiếng
abuzz,"ồn ào, náo nhiệt"
abdomen - abdominal,bụng - thuộc về bụng
BEING SPONTANEOUS,ứng biến tự nhiên
appropriate,phù hợp
detrimental,gây hại
nasty,"khó chịu, xấu tính"
scenic,có cảnh đẹp
forbidden,bị cấm
attractive,hấp dẫn
vast,rộng lớn
dull,nhàm chán
hectic,"bận rộn, sôi động"
inexpensive,"rẻ, không đắt"
obligatory,bắt buộc
hazardous,nguy hiểm
tricky,"khó, phức tạp"
effortless,dễ dàng
pleasurable,thú vị
stimulating,"kích thích, thú vị"
pricey,đắt tiền
spare,dự phòng
well-known,nổi tiếng
rapid,nhanh chóng
preferred,ưa thích
Checking understanding,kiểm tra sự hiểu
amusing,vui nhộn
hilarious,rất buồn cười
witty,hóm hỉnh
unforgettable,không thể quên
well-mannered,lễ phép
well-liked,được yêu thích
punctual,đúng giờ
secure,an toàn
conventional,truyền thống
A LAWNMOWER,máy cắt cỏ
A REMOTE CONTROL,điều khiển từ xa
GOGGLES,kính bảo hộ
SALMON,cá hồi
A FLIGHT ATTENDANT,tiếp viên hàng không
DYE,thuốc nhuộm
EMBEZZLEMENT,tham ô
AsomethingMA,hen suyễn
AN OWL,con cú
You didn’t understand,bạn không hiểu điều gì đó
You didn’t hear,bạn không nghe rõ điều gì đó
BUYING TIME,câu kéo thời gian
Ask for time,xin thời gian suy nghĩ
Use conversation fillers,dùng từ đệm trong hội thoại
Combine techniques,kết hợp nhiều kỹ thuật
CONNECTING IDEAS,kết nối ý tưởng
On the whole,nhìn chung
Regarding transport,liên quan đến (giao thông)
In fact,thực tế là
In short,nói ngắn gọn
well,à thì
so or therefore,vì vậy
basically,nói chung là
however or yet,tuy nhiên
though,mặc dù vậy
in other words,nói cách khác
eventually,cuối cùng
on top of that or what’s more,thêm vào đó
anyway or anyhow,dù sao thì
actually,thực ra
to cut a long story short,nói ngắn gọn
on the whole or in general,nhìn chung
overall,tổng thể
for example or for instance,ví dụ
alternatively,hoặc là
Neolithic,thời kỳ đồ đá mới
bluestones,đá xanh
haul,"kéo, vận chuyển"
prehistoric,thời tiền sử
sophisticated,tinh vi
boulders,tảng đá lớn
primitive,nguyên thủy
timber,gỗ xây dựng
deer antlers,gạc hươu
ditch,"hào, rãnh"
bank,bờ đất
henge,di tích vòng tròn cổ
pits,hố đất
scholars,học giả
antiquarian,nhà nghiên cứu cổ vật
indigenous,bản địa
astrological,thuộc chiêm tinh
curative,có tác dụng chữa bệnh
New Stone Age,Thời kỳ đồ đá mới
Iron Age,Thời kỳ đồ sắt
hypothesis,giả thuyết
consensus,sự đồng thuận
megalithic,liên quan đến đá lớn
archaeologist,nhà khảo cổ học
radiocarbon dating,phương pháp định tuổi bằng carbon
sceptical,hoài nghi
artifacts,hiện vật
communal,"chung, cộng đồng"
descended,xuất thân từ
dense cloud cover,mây dày đặc
astronomical,thuộc thiên văn học
monoliths,khối đá đơn lớn
ritual,nghi lễ
enigmatic,bí ẩn
celestial bodies,thiên thể
astronomical alignments,sự sắp xếp thiên văn
megalithic culture,văn hóa đá lớn
astronomical observatory,đài thiên văn
cultural significance,ý nghĩa văn hóa
paradigm,"mô hình, khuôn mẫu"
ubiquitous,"phổ biến, có mặt khắp nơi"
dichotomy,"sự phân đôi, đối lập"
conundrum,vấn đề nan giải
cognitive dissonance,mâu thuẫn nhận thức
conjectural,"dự đoán, không chắc chắn"
Brand awareness,nhận diện thương hiệu
Manipulate,thao túng
Target audience,đối tượng mục tiêu
A call to action,lời kêu gọi hành động
Commercial break,quảng cáo giữa chương trình
Word of mouth,truyền miệng
Product placement,quảng cáo chèn sản phẩm
Jingle,giai điệu quảng cáo
Slogan,khẩu hiệu
Celebrity endorsement,sự chứng thực từ người nổi tiếng
Carnivore,động vật ăn thịt
Herbivore,động vật ăn cỏ
Domesticated,đã thuần hóa
Poach,săn trộm
Territory,lãnh thổ
Reproduce,sinh sản
Apex Predator,động vật săn mồi đầu chuỗi
Migrate,di cư
Endangered,bị đe dọa tuyệt chủng
Aggressive,hung dữ
Architect,kiến trúc sư
Controversial,gây tranh cãi
Eyesore,cảnh chướng mắt
Demolish,Phá hủy
Planning Permission,Giấy phép xây dựng
Gothic,Kiến trúc Gothic
Modernist,Hiện đại (trong kiến trúc)
Sticks out like a sore thumb,"Lạc lõng, không phù hợp"
Futuristic,Tương lai (kiến trúc)
Iconic,Mang tính biểu tượng
Abstract,Trừu tượng
Watercolour,Màu nước / tranh màu nước
Sculpture,Tượng điêu khắc
A still life,Tĩnh vật
Masterpiece,Kiệt tác
To depict,"Miêu tả, khắc họa"
Impenetrable,Khó hiểu
Interpretation,Sự diễn giải
Motor skills,Kỹ năng vận động
Innovative,"Sáng tạo, đổi mới"
The center of attention,Tâm điểm chú ý
The birthday boy or girl,Nhân vật chính trong tiệc sinh nhật
Low-key,"Đơn giản, kín đáo"
To wrap,Gói quà
A surprise party,Tiệc bất ngờ
Get-together,Buổi tụ họp
Decorate,Trang trí
Make a birthday wish,ước sinh nhật
Blow out the candles,thổi nến
Value for money,đáng tiền
Entrepreneur,doanh nhân
The bottom line,lợi nhuận ròng
Generate revenue,tạo doanh thu
Cut-throat,cạnh tranh khốc liệt
Cut costs,cắt giảm chi phí
Rules and regulations,quy định và luật lệ
Multinational corporation,tập đoàn đa quốc gia
A start-up,công ty khởi nghiệp
Unique selling point,điểm bán hàng độc nhất
Lenient,"nhân hậu, dễ tính"
Obedient,ngoan ngoãn
To get away with,thoát tội
An only child,con một
To raise to be,nuôi dưỡng thành người
To drift apart,dần xa cách
To look up to,ngưỡng mộ
To follow in footsteps,nối nghiệp
Upbringing,sự nuôi dạy
Outfit,trang phục
To get dressed up,ăn diện
Presentable,chỉnh tề
To dress down,ăn mặc giản dị
A fashionista,người sành thời trang
Dress code,quy định trang phục
Smart-casual,trang phục lịch sự thoải mái
Accessories,phụ kiện
Metrosexual,người đàn ông chăm chút ngoại hình
Leisure wear,đồ mặc nhà/thể thao
Designer,hàng hiệu
Chew the fat,tám chuyện
Beat around the bush,nói vòng vo
Confrontational,thích đối đầu
In your face,"thẳng thừng, gây khó chịu"
Passive-aggressive,hung hăng thụ động
Catch up,trò chuyện cập nhật
Interpersonal relationships,mối quan hệ giữa người với người
Body language,ngôn ngữ cơ thể
Drop a line,liên lạc bằng thư/tin nhắn
Shoot a message,nhắn tin nhanh
Fussy eater,người kén ăn
Repertoire,kho kỹ năng
Ready meal,đồ ăn sẵn
Follow a recipe,làm theo công thức
Fry,rán
Chop,"thái, chặt"
Cuisine,ẩm thực
Specialty,món tủ
Boil,luộc
Home-cooked meals,bữa ăn nấu tại nhà
Lock up and throw away the key,bỏ tù ai đó mãi mãi
Rehabilitate,cải tạo
Premeditated,có chủ ý từ trước
A crime of passion,tội do cảm xúc nhất thời
Convicted,bị kết tội
Organised crime,tội phạm có tổ chức
Community service,lao động công ích
Deterrent,biện pháp răn đe
Juvenile detention center,trại giam thiếu niên
Globalization,toàn cầu hóa
Multicultural,đa văn hóa
Culture shock,sốc văn hóa
Values,giá trị
Ritual,nghi thức
Stereotype,định kiến
Vibrant,sôi động
Taboo,điều cấm kỵ
A morning person,người dậy sớm
Get out of the way,giải quyết xong việc gì
Procrastinator,người hay trì hoãn
Fit in,sắp xếp thời gian cho việc gì
Take a nap,ngủ trưa
Pull an all-nighter,thức trắng đêm
Multitask,làm nhiều việc cùng lúc
Prioritize,ưu tiên
Crawl out of bed,lết ra khỏi giường
Frame of mind,tâm trạng
Disposable income,thu nhập khả dụng
Public Spending,chi tiêu công
The Unemployment rate,tỷ lệ thất nghiệp
Stimulate the economy,kích thích nền kinh tế
Tax,thuế
Recession,suy thoái
Tax avoidance,tránh thuế
Live beyond means,tiêu quá khả năng
Live hand to mouth,sống chật vật
Livelihood,kế sinh nhai
Cram,học nhồi nhét
Theoretical Knowledge,kiến thức lý thuyết
Practical skills,kỹ năng thực tiễn
Due date,hạn nộp
Rote learning,học vẹt
Qualification,bằng cấp
Distance learning,học từ xa
Burnout,kiệt sức
Stickler,người nghiêm khắc
Corporal Punishment,hình phạt thể xác
Perks,phúc lợi
Corporate ladder,nấc thang sự nghiệp
Sellable skill,kỹ năng có thể bán được
Fulfilling,mang lại sự hài lòng
Work ethic,đạo đức nghề nghiệp
Join the workforce,tham gia lực lượng lao động
Get your foot in the door,mở đường vào làm việc
Corporate culture,văn hóa doanh nghiệp
Soft skills,kỹ năng mềm
Laid off,bị sa thải
Dopamine,dopamine
Absorbing,lôi cuốn
Extracurricular activities,hoạt động ngoại khóa
Mind-numbingly dull,chán đến tê liệt
Binge-watch,xem liên tục
Amusement park,công viên giải trí
Work-life balance,cân bằng công việc và cuộc sống
Board game,trò chơi bàn cờ
Livestream,phát trực tiếp
Dilemma,tình huống khó xử
Justice,công lý
Compassion,lòng trắc ẩn
Integrity,chính trực
Morally bankrupt,suy đồi đạo đức
Conscience,lương tâm
Intolerant,không khoan dung
Prejudiced,có thành kiến
Moral Grey Area,vùng xám đạo đức
Code of Ethics,bộ quy tắc đạo đức
Strenuous,vất vả
Break a sweat,đổ mồ hôi
An uphill struggle,một việc rất khó khăn
Push yourself to the limit,cố gắng hết sức
Six-pack,cơ bụng sáu múi
Love handles,mỡ hai bên eo
Burpee,bài tập burpee
Cardiovascular,thuộc tim mạch
Lactic acid,axit lactic
Pump iron,tập tạ
Run in the family,di truyền trong gia đình
Take after,giống ai trong gia đình
Stay-at-home mum or dad,bố/mẹ ở nhà chăm con
Black Sheep,kẻ lạc loài
Dysfunctional family,gia đình rối loạn
Sibling rivalry,sự ganh đua giữa anh chị em
Follow in footsteps,nối nghiệp ai
Patriarch,gia trưởng
Extended family,đại gia đình
Own flesh and blood,ruột thịt
Dietary requirements,nhu cầu ăn uống đặc biệt
Staple,thực phẩm chính
Delicacy,cao lương mỹ vị
Seasonal vegetable or fruit,rau củ/trái cây theo mùa
Organic,hữu cơ
Count calories,tính lượng calo
Resist temptation,cưỡng lại cám dỗ
Packed with flavour,đậm đà hương vị
You are what you eat,bạn là những gì bạn ăn
Nutritional benefits,lợi ích dinh dưỡng
Two peas in a pod,giống nhau như hai giọt nước
A fair-weather friend,bạn chỉ tốt lúc thuận lợi
To get on like a house on fire,hợp nhau ngay lập tức
To hit it off,kết thân ngay
Ups and downs,thăng trầm
Bury the hatchet,làm hòa
A shoulder to cry on,người để chia sẻ nỗi buồn
Confidante,người tâm sự
To fall out with,"cãi nhau, bất hòa"
Demographic,liên quan đến dân số
Altitude,độ cao so với mực nước biển
Glacier,sông băng
Hemisphere,bán cầu
Desertification,sa mạc hóa
Deforestation,phá rừng
Floodplain,vùng trũng ven sông
Landslide,lở đất
Body of water,vùng nước
Jetlag,mệt do lệch múi giờ
Outsource,thuê ngoài
Cost of labour,chi phí lao động
Supply Chain,chuỗi cung ứng
Sweatshop,xưởng bóc lột
Fast Fashion,thời trang nhanh
Self-sufficient,tự cung tự cấp
Ubiquitous,phổ biến
Integration,sự hòa nhập
Cultural convergence,sự hội tụ văn hóa
Diversity,sự đa dạng
Pass legislation,ban hành luật
Public sector,khu vực công
Social security,an sinh xã hội
Anarchy,vô chính phủ
Equality of opportunity,bình đẳng cơ hội
Crime rate,tỷ lệ tội phạm
Top-down approach,cách tiếp cận từ trên xuống
Policy,chính sách
Rhetoric,lời hùng biện
Stigma,kỳ thị
Destructive behaviour,hành vi phá hoại
Trauma,tổn thương tâm lý
Alzheimer’s disease,bệnh Alzheimer
ADHD,rối loạn tăng động giảm chú ý
To be out of mind,mất trí
Ticking time-bomb,quả bom nổ chậm
Panic attack,cơn hoảng loạn
Depression,trầm cảm
Counselling,tư vấn tâm lý
Check-up,kiểm tra sức khỏe tổng quát
Chronic disease,bệnh mãn tính
As fit as a fiddle,khỏe mạnh như vâm
Under the weather,không được khỏe
Immune system,hệ miễn dịch
Medication,thuốc
Prescription,toa thuốc
Over-the-counter,thuốc không kê đơn
Physical well-being,sức khỏe thể chất
To put in the hard yards,nỗ lực hết mình
Out in the sticks,vùng xa xôi hẻo lánh
Urban sprawl,sự mở rộng đô thị
Dilapidated,"đổ nát, xiêu vẹo"
Green spaces,không gian xanh
Liveable,đáng sống
Gentrification,hiện tượng đô thị hóa
Nightlife,hoạt động về đêm
Small-town vibe,cảm giác thị trấn nhỏ
Upmarket,cao cấp
Spring up,mọc lên
Minimalist,người sống tối giản
Get on the property ladder,mua căn nhà đầu tiên
Downsize,thu nhỏ quy mô nhà
Renovate,cải tạo
Natural light,ánh sáng tự nhiên
Mortgage,thế chấp
House-hunting,tìm nhà
Generation Rent,thế hệ thuê nhà
To feel at home,cảm thấy như ở nhà
A helping hand,sự giúp đỡ
Charity begins at home,làm từ thiện bắt đầu từ nhà
The global north,các nước phát triển
Plight,hoàn cảnh khó khăn
Famine,nạn đói
Skim off the top,rút ruột quỹ
Slash spending,cắt giảm chi tiêu
Extremism,chủ nghĩa cực đoan
Multilateral,đa phương
Nuance,sắc thái
Polyglot,người nói nhiều thứ tiếng
Make understood,Diễn đạt để người khác hiểu
Get the gist,Nắm ý chính
Immerse,Đắm mình vào
Proficient,Thành thạo
Eloquent,Hùng biện
Tongue-tied,Cứng họng vì lo lắng
Sentence structure,Cấu trúc câu
Linguistic,Ngôn ngữ
A romantic gesture,Cử chỉ lãng mạn
Exclusive,Chỉ dành riêng
Engaged,Đính hôn
Significant other,Người yêu/ bạn đời
Childhood sweetheart,Người yêu thời thơ ấu
Date,Cuộc hẹn hò
Limelight,Sự chú ý của công chúng
Paparazzi,Thợ săn ảnh
Opulent,Xa hoa
Household name name,Tên tuổi nổi tiếng
Speculation,Suy đoán
Wholesome,Lành mạnh
Authenticity,Tính xác thực
A flash in the pan,Thành công nhất thời
Merchandise,Hàng hóa
Frugal,Tiết kiệm
Abandon,Từ bỏ
Abiding,Lâu dài
Abolish,Bãi bỏ
Abundance,Sự phong phú
Accessible,Có thể tiếp cận
Accommodate,Đáp ứng
Accomplish,Hoàn thành
Accord,Hiệp định
Accordingly,Tương ứng
Accumulate,Tích lũy
Accurately,Chính xác
Acquire,Đạt được
Adapt,Thích nghi
Address,Phát biểu
Adjacent,Liền kề
Administer,Quản lý/thi hành
Admit,Cho vào
Affection,Tình cảm
Agent,Tác nhân
Aggravate,Làm trầm trọng thêm
Allocate,Phân bổ
Attain,Đạt được
Attribute,Đặc điểm
Barrier,Rào cản
Barter,Trao đổi hàng hóa
Biased,Thiên vị
Boundary,Ranh giới
Bountiful,Dồi dào
Brief,Ngắn gọn
Brisk,Nhanh nhẹn
Bulk,Số lượng lớn
Burden,Gánh nặng
Calculate,Tính toán
Camouflage,Ngụy trang
Capacity,Sức chứa
Capitalize,Tận dụng
Caption,Chú thích
Catastrophic,Thảm khốc
Challenge,Thách thức
Channel,Kênh
Chaotic,Hỗn loạn
Characteristic,Đặc điểm
Chief,Trưởng nhóm
Chronicle,Biên niên sử
Clarify,Làm rõ
Classify,Phân loại
Cognitive,Nhận thức
Cohesion,Sự gắn kết
Component,Thành phần
Comprise,Bao gồm
Consecutive,Liên tiếp
consequence,Hậu quả
conversely,Ngược lại
debris,Mảnh vỡ
decay,Phân hủy
decline,Suy giảm
degree,Mức độ
deliberate,Cân nhắc
deploy,Triển khai
deposit,Gửi vào
derive,Bắt nguồn từ
deteriorate,Suy yếu
determine,Quyết định
disaster,Thảm họa
discriminate,Phân biệt đối xử
disrupt,Gây rối
dissimilar,Không giống nhau
distinct,Khác biệt
domain,Lĩnh vực
duration,Khoảng thời gian
ease,Sự dễ dàng
elaborate,Giải thích rõ
eliminate,Loại bỏ
embrace,Đón nhận
emphasize,Nhấn mạnh
enable,Cho phép
endanger,Gây nguy hiểm
endeavor,Nỗ lực
environment,Môi trường
era,Kỷ nguyên
erupt,Phun trào
essential,Thiết yếu
dry up,Quên lời
explicit,Rõ ràng
facet,Khía cạnh
facilitate,Tạo điều kiện
faint,Mờ nhạt
feasible,Khả thi
figure,Hình minh họa
finance,Tài chính
flourish,Phát triển mạnh
fluid,Linh hoạt
foremost,Hàng đầu
fuel,Nhiên liệu
fundamental,Nguyên tắc cơ bản
gauge,Đo lường
generate,Tạo ra
gorgeous,Tuyệt đẹp
govern,Cai trị
gradual,Dần dần
grueling,Kiệt sức
guess,Đoán
habitat,Môi trường sống
harsh,Khắc nghiệt
hence,Do đó
heterogeneous,Không đồng nhất
hiatus,Gián đoạn
hinder,Cản trở
hybrid,Lai
hypothesis,Giả thuyết
identical,Giống hệt
ignite,Châm ngòi
illusion,Ảo ảnh
immense,Mênh mông
impact,Tác động
impasse,Bế tắc
impede,Ngăn cản
incessant,Không ngừng nghỉ
incident,Sự cố
incoherent,Không mạch lạc
indicate,Chỉ ra
indispensable,Không thể thiếu
inevitable,Không tránh khỏi
infinite,Vô hạn
influence,Ảnh hưởng
infrastructure,Cơ sở hạ tầng
initiate,Khởi xướng
intense,Mãnh liệt
invent,Phát minh
jeopardy,Nguy cơ
judicious,Sáng suốt
justify,Biện minh
keen,Sắc sảo
key,Chủ chốt
kin,Họ hàng
lacking,Thiếu
landslide,Lở đất
launch,Ra mắt
leading,Hàng đầu
legitimate,Hợp pháp
levy,Áp thuế
lexicon,Từ vựng
likewise,Tương tự
link,Liên kết
lobby,Vận động hành lang
luxury,Sang trọng
magnificent,tráng lệ
mainly,chủ yếu
maintain,duy trì
mammoth,khổng lồ
manifest,hiển nhiên
market,tiếp thị
metamorphosis,sự biến đổi
minimize,giảm thiểu
mourn,than khóc
myriad,vô số
narrative,có tính kể chuyện
native,bản địa
nimble,nhanh nhẹn
notable,đáng chú ý
notion,ý niệm
novel,mới lạ
object,phản đối
oblige,bắt buộc
obliterate,xóa sổ
obscure,mơ hồ
obstacle,trở ngại
offset,bù lại
onset,sự bắt đầu
operation,hoạt động
ordinary,bình thường
outdo,vượt trội
outweigh,nhiều hơn
overcome,vượt qua
overwhelm,áp đảo
pace,tốc độ
paradox,nghịch lý
parity,sự ngang bằng
partial,một phần
peak,đỉnh cao
perception,sự nhận thức
periodic,định kỳ
permanent,vĩnh viễn
persist,kiên trì
phase,giai đoạn
precede,đi trước
preserve,bảo tồn
prominent,nổi bật
protest,phản đối
purpose,mục đích
questionable,đáng ngờ
radical,căn bản
ramification,hệ quả
random,ngẫu nhiên
range,phạm vi
readily,sẵn sàng
reciprocal,tương hỗ
recognition,sự công nhận
record,ghi lại
recruit,tuyển dụng
recur,tái diễn
refine,tinh chỉnh
refute,bác bỏ
relatively,tương đối
release,thả
relevant,liên quan
replenish,bổ sung
representative,tiêu biểu
reproduce,tái tạo
resilient,kiên cường
rigorous,nghiêm ngặt
rue,hối tiếc
sacred,thiêng liêng
sallow,vàng vọt
sanction,phê chuẩn
satellite,vệ tinh
scarce,khan hiếm
scrutinize,xem xét kỹ lưỡng
seek,tìm kiếm
sequence,chuỗi
shallow,nông cạn
simultaneously,đồng thời
sinister,độc ác
soul,linh hồn
sovereign,có chủ quyền
sporadic,rời rạc
spurn,hắt hủi
stress,nhấn mạnh
stoic,bình thản
strictly,nghiêm ngặt
stupendous,to lớn
subsidize,trợ cấp
substantiate,chứng minh
subtle,tinh tế
suitable,phù hợp
supine,nằm ngửa
superfluous,thừa thãi
sustainable,bền vững
tangible,hữu hình
task,nhiệm vụ
taunt,chế giễu
temporal,thuộc về thời gian
tenacious,kiên trì
tendency,xu hướng
tenet,giáo lý
thoroughly,một cách kỹ lưỡng
tranquil,thanh bình
transformation,sự biến đổi
trangress,vi phạm
transition,sự chuyển đổi
transient,ngắn ngủi
trivial,tầm thường
ultimately,cuối cùng
ultimatum,tối hậu thư
unbecoming,không phù hợp
uncanny,kỳ lạ
unconditional,vô điều kiện
uncouth,thô lỗ
underestimate,đánh giá thấp
unequivocal,rõ ràng
uniform,đồng đều
unique,độc đáo
unison,đồng thanh
unwittingly,một cách vô tình
upset,buồn bực
utilize,tận dụng
vagrancy,tình trạng lang thang
vanish,biến mất
vanquish,chinh phục
variable,biến số
variety,đa dạng
veneer,lớp bề mặt
versatile,đa năng
victim,nạn nhân
vindication,sự minh oan
voracious,ngấu nghiến
waive,từ bỏ
wary,cảnh giác
whim,ý tưởng bất chợt
whimsical,"kỳ quặc, vui nhộn"
withstand,chịu đựng
wield,sử dụng
writhe,quằn quại
self-study,tự học
seminar,hội thảo
special needs,nhu cầu đặc biệt
tuition,"học phí, giảng dạy"
tutorial,bài hướng dẫn
adapt,thích nghi
adjust,điều chỉnh
alternate,luân phiên
alternate,xen kẽ
alternative,thay thế
amend,sửa đổi
conservative,bảo thủ
convert,chuyển đổi
convert,thay đổi tín ngưỡng
convert,người cải đạo
decay,phân rã
decay,suy thoái
deteriorate,trở nên tồi tệ hơn
distort,bóp méo
dynamic,năng động
endure,chịu đựng
endure,kéo dài
evolve,tiến hóa
evolve,tiến triển
influence,ảnh hưởng
influence,sức ảnh hưởng
innovation,sự đổi mới
innovative,có tính đổi mới
mature,trưởng thành
mature,có tính trưởng thành
modify,chỉnh sửa
persist,khăng khăng
potential,tiềm năng
potential,thuộc tiềm năng
progress,tiến triển
optimistic,tích cực
pessimistic,bi quan
plausible,"hợp lý, đáng tin"
ponder,cân nhắc
presume,đoán chừng
query,"câu hỏi, điều thắc mắc"
query,hỏi
reckon,cho rằng
reflect,ngẫm nghĩ
speculate,suy xét
suppose,giả định
academic,học thuật
academic,nhà học thuật
conscientious,chu đáo
cram,nhồi nhét
curriculum,chương trình giảng dạy
graduate,người tốt nghiệp
graduate,tốt nghiệp
ignorant,thiếu hiểu biết
inattentive,không chú ý
intellectual,trí tuệ
intellectual,trí thức
intelligent,thông minh
intensive,tập trung
knowledgeable,am hiểu
lecture,bài thuyết giảng
lecture,giảng bài
mock exam,bài thi thử
plagiarise,đạo văn
manual,thủ công
manual,sách hướng dẫn
network,kết nối
network,mạng lưới các máy tính được kết nối
nuclear,hạt nhân
offline,ngoại tuyến
online,trực tuyến
programmer,lập trình viên
resource,tài nguyên
technique,kỹ thuật
upload,tải lên mạng
anachronism,"vật không đúng niên đại, việc lỗi thời"
annual,"hàng năm, thường niên"
antique,cổ xưa
antique,đồ cổ
century,thế kỷ
chronological,(theo) thứ tự thời gian
contemporary,đương đại
contemporary,cùng thời
decade,thập kỷ
duration,khoảng thời gian
eternal,vĩnh cửu
expire,hết hiệu lực
frequency,tần suất
instantaneous,tức thời
interim,tạm thời
interim,thời gian chuyển tiếp
interval,giờ giải lao
lapse,khoảng thời gian giữa 2 sự việc
lapse,dần ngưng lại
lifetime,cuộc đời
long-standing,"lâu đời, lâu dài"
millennium,thiên niên kỷ
overdue,quá hạn
lapse,khoảng thời gian
lapse,dần ngừng lại
postpone,trì hoãn
prior,trước
prompt,nhanh chóng
provisional,lâm thời
seasonal,theo mùa
simultaneous,đồng thời
span,kéo dài
span,quãng thời gian
spell,đợt
stint,thời gian làm việc
subsequent,tiếp theo
temporary,tạm thời
timely,đúng lúc
vintage,"điển hình, cổ điển"
vintage,năm sản xuất
civil service,cơ quan nhà nước
client,khách hàng
colleague,đồng nghiệp
consultant,chuyên gia tư vấn
effective,hiệu quả
efficient,hiệu suất cao
executive,giám đốc điều hành
headhunt,săn đầu người
income,thu nhập
industry,ngành công nghiệp
leave,nghỉ phép
marketing,tiếp thị
multinational,công ty đa quốc gia
multinational,đa quốc gia
promotion,thăng chức
prospects,triển vọng
fire,sa thải
multinational,thuộc về công ty đa quốc gia
private sector,khối tư nhân
promotion,sự thăng tiến
promotion,sự quảng cáo
public sector,khu vực nhà nước
recruit,lính mới
redundant,bị sa thải
sack,sa thải
strike,đình công
union,công đoàn
accelerate,tăng tốc
approach,tiến gần
approach,tiếp cận
approach,cách tiếp cận
ascend,đi lên
bounce,nảy
bounce,sự nảy
clamber,leo
clench,nghiến
clutch,giữ chặt
crawl,bò
creep,trườn
dash,lao tới
descend,xuống
drift,trôi dạt
drift,sự thay đổi
headhunt,tuyển dụng đặc biệt
leave,thời gian nghỉ việc
private sector,khu vực tư nhân
recruit,nhân viên mới
redundant,dư thừa
strike,cuộc đình công
approach,tiến lại gần
ascend,trèo lên
clamber,leo trèo
clutch,nắm chặt
creep,lẻn vào
descend,đi xuống
drift,trôi
drift,sự thay đổi dần dần
flow,chảy
gesture,cử chỉ
drift,ý nghĩ
emigrate,di cư
float,nổi
fumble,"sờ soạng, lần mò"
gesture,chỉ cử
glide,lướt đi
grab,vồ lấy
grasp,nắm chặt
hop,nhảy lò cò
hop,cú nhảy lò cò
immigrant,người nhập cư
jog,chạy bộ chậm
jog,buổi chạy bộ chậm
leap,nhảy bật qua
leap,cú nhảy bật
march,đi đều hành
march,cuộc diễu hành
point,chỉ vào
punch,đấm
refugee,người tị nạn
roam,đi lang thang
roll,xoay
rotate,xoay
route,lộ trình
sink,chìm
skid,trượt
skid,cú trượt
skip,nhảy chân sáo
slide,trượt
slide,cầu trượt
slip,trượt chân
step,bước đi
step,bước (trong kế hoạch)
stride,sải bước
stride,"bước dài, sải chân"
trip,vấp chân
velocity,vận tốc
wander,đi lang thang
wave,vẫy tay chào
wave,cái vẫy tay chào
airline,hãng hàng không
cargo,hàng hóa
carriage,toa tàu
charter,thuê bao
commute,đi làm (khoảng cách xa)
destination,điểm đến
hiker,người đi bộ đường dài
hitchhiker,người đi nhờ xe
jet lag,sự mệt mỏi do lệch múi giờ
legroom,chỗ duỗi chân
load,chất hàng
passenger,hành khách
pedestrian,người đi bộ
pier,bến tàu
pilot,lái máy bay
quay,bến cảng
return fare,vé khứ hồi
round trip,chuyến đi khứ hồi
steer,lái
steward,tiếp viên
allege,cáo buộc
ambiguous,mơ hồ
assert,khẳng định
blunt,thẳng thắn
boast,khoe khoang
clarification,sự giải thích
colloquial,thông tục
comprehend,hiểu
confide,tâm sự
confirm,chứng thực
confirm,xác nhận
context,bối cảnh
context,ngữ cảnh
contradict,cải lại
contradict,mâu thuẫn
pilot,lái
top,đỉnh
tough,"mạnh mẽ, bền bỉ"
town,thị trấn
worse,tồi tệ hơn
worst,tệ nhất
youth,tuổi trẻ
transpire,xảy ra
uncertainty,sự không chắc chắn
wobble,lắc lư
agriculture,ngành nông nghiệp
appreciate,đánh giá đúng
appreciate,cảm kích
catastrophe,thảm họa
crop,cây trồng
drought,hạn hán
evacuate,sơ tán
exploit,bóc lột
flood,gây ngập nước
flood,lũ lụt
fossil fuels,nhiên liệu hóa thạch
greenery,cây xanh
habitat,môi trường sống
harvest,vụ thu hoạch
hurricane,bão nhiệt đới
instinct,bản năng
natural disaster,thiên tai
species,loài
abundant,dồi dào
ample,đủ
area,khu vực
average,trung bình
average,tầm thường
average,tiêu chuẩn
batch,nhóm
batch,gom lại
bulk,đống lớn
attribute,quy cho
bereavement,mất mát
cause,gây ra
cause,nguyên nhân
coincidence,sự trùng hợp
curse,nguyền rủa
curse,lời nguyền
deliberate,có chủ đích
determine,xác định
fate,định mệnh
fluctuate,biến động
foresee,dự đoán
freak,kì dị
gamble,đánh bạc
haphazard,bừa bãi
hazard,nguy hiểm
inadvertent,vô ý
instrumental,quan trọng
jinxed,xui xẻo
likelihood,khả năng xảy ra
lucky charm,vật may mắn
meander,lang thang
mishap,tai nạn
mutate,biến đổi
odds,tỉ lệ
pick,chọn
pick,sự lựa chọn
pot luck,may rủi
sign,dấu hiệu
speculate,suy đoán
spontaneous,tự phát
startle,làm giật mình
statistics,số liệu thống kê
stray,đi lạc
stray,lạc
stray,vật nuôi bị lạc
superstition,mê tín
superstitious,mê tín
stutter,nói lắp
tip,mẹo
utter,nói ra
vague,mơ hồ
anchor,người dẫn chương trình
broadcast,phát sóng
caption,chú thích
columnist,nhà báo chuyên mục
correspondent,phóng viên
coverage,tin tức
critic,nhà phê bình
footnote,chú thích cuối trang
ghostwriter,người viết thuê
handbook,sổ tay
manifesto,tuyên ngôn
novelist,tiểu thuyết gia
pamphlet,tờ rơi
prerecorded,ghi hình trước
reviewer,người phê bình
spine,gáy sách
subtitles,phụ đề
supplement,phần phụ lục
tabloid,báo khổ nhỏ
trailer,đoạn giới thiệu phim
approximate,ước tính
approximate,xấp xỉ
ascribe,gán cho
assign,phân công
handbook,sổ tay hướng dẫn
convey,truyền đạt
declare,tuyên bố
denounce,lên án
disclose,tiết lộ
exaggerate,phóng đại
flatter,tâng bốc
gist,ý chính
hint,gợi ý
illegible,khó đọc
inkling,manh mối
insist,khăng khăng
jargon,thuật ngữ
literal,nghĩa đen
mumble,lẩm bẩm
murmur,tiếng thì thầm
petition,kiến nghị
placard,biểu ngữ
quibble,cãi vặt
rant,lời phàn nàn dữ dội
rave,nói một cách say mê
scribble,viết nguệch ngoạc
slang,từ lóng
stumble,nói vấp
imply,ngụ ý
interpret,diễn giải
pronounce,phát âm
propose,đề xuất
reveal,tiết lộ
state,phát biểu
utter,thốt ra
vocal,"nói thẳng, bộc lộ rõ"
progress,sự tiến bộ
radical,triệt để
refine,trau chuốt
reform,cải cách
reform,cuộc cải cách
remain,giữ nguyên
revise,xem xét lại
revolution,cuộc cách mạng
revolution,cách mạng chính trị
shift,thay đổi
shift,sự thay đổi
spoil,làm hỏng
status quo,hiện trạng hiện tại
steady,giữ vững
steady,vững vàng
steady,đều đều
substitute,thay thế
substitute,vật thay thế
sustain,duy trì
switch,hoán đổi
switch,công tắc
transform,biến đổi
trend,xu hướng
uniform,giống nhau
breakthrough,bước đột phá
broadband,băng thông rộng
click,nhấp chuột
complex,phức tạp
consumer electronics,đồ điện tử
craft,gia công
craft,nghề thủ công
data,dữ liệu
download,tải xuống
download,tệp đã tải xuống
file,nhập liệu
file,tệp dữ liệu
games console,máy chơi game
assess,đánh giá
assume,cho rằng
baffle,làm bối rối
biased,thiên vị
concentrate,tập trung
consider,cân nhắc
contemplate,suy tính
cynical,hoài nghi
deduce,suy luận
deliberate,"cân nhắc, thảo luận kỹ"
dilemma,tiến thoái lưỡng nan
discriminate,phân biệt đối xử
dubious,đáng ngờ
estimate,sự ước tính
faith,niềm tin
gather,"hiểu, suy ra"
genius,thiên tài
grasp,hiểu thấu
guesswork,đoán mò
hunch,linh cảm
ideology,hệ tư tưởng
ingenious,"khéo léo, tài tình"
inspiration,nguồn cảm hứng
intuition,trực giác
justify,biện minh
naïve,ngây thơ
notion,khái niệm
optimistic,lạc quan
reckon,đoán chắc
reflect,suy nghĩ
draw the short straw,bị ép phải làm
fifty-fifty,"50-50, bằng nhau, như nhau"
absorb,hấp thụ
force,đẩy
fraction,phần
fraction,phân số
heap,đống
heap,chất đống
imbalance,sự mất cân bằng
immense,vô hạn
intensity,cường độ
magnitude,tầm cỡ
major,lớn
mass,khối
masses,nhiều
meagre,ít ỏi
minor,nhỏ
multiple,nhiều
rate,tốc độ
rate,đánh giá
ratio,tỉ lệ
shrink,co lại
sum,khoản tiền
uneven,không bằng phẳng
vast,mênh mông
volume,thể tích
widespread,lan rộng
weight,trọng lượng
weight,sức nặng
benefit of the doubt,quyết định tin tưởng
ration,khẩu phần
ration,"chia phần, hạn chế"
sufficient,đủ
sum,phép toán
uneven,thất thường
vast,bao la
volume,lượng
volume,khối lượng
widespread,"lan rộng, phổ biến"
benefit,tiền trợ cấp
benefit,lợi ích
benefit,hưởng lợi
compensation,khoản bồi thường
damages,tiền bồi thường thiệt hại
debt,khoản nợ
deduct,khấu trừ
deposit,tiền đặt cọc
deposit,tiền gửi (ngân hàng)
deposit,gửi tiền (ngân hàng)
direct debit,ủy nhiệm chi
dividend,cổ tức
down payment,khoản trả trước
finance,tài chính
finance,vốn
finance,cấp tiền
insurance,hợp đồng bảo hiểm
interest,lãi suất cho vay
investment,khoản đầu tư
investment,sự đầu tư
lump sum,trả một cục
mortgage,khoản vay mua nhà
overdraft,thấu chi
pension,tiền lương hưu
block,chặn lại
block,khối
brittle,giòn
chip,làm sứt mẻ
chip,mảnh vụn
compact,nén lại
compact,chặt
concentrate,cô đặc
crack,làm vỡ
crack,vết nứt
crumb,vụn
crush,nghiền
crush,đám đông chen chúc
dense,có tỷ trọng nặng
dilute,pha loãng
dilute,loãng
dissolve,hòa tan
fabric,vải
firm,chắc
flake,bong tróc
flake,vảy
fragile,dễ vỡ
friction,lực ma sát
grain,hạt
gravity,trọng lực
grind,"nghiền, mài"
hollow,rỗng
liquid,chất lỏng
liquid,ở dạng lỏng
lump,gộp chung
lump,tảng
mineral,khoáng chất
mould,đúc
mould,khuôn
opaque,mờ
pat,vỗ
pat,cái vỗ
pile,chất đống
share,cổ phiếu
speculate,đầu cơ
withdraw,rút tiền
pile,"đống, chồng"
polish,đánh bóng
polish,chất đánh bóng
scratch,gãi
scratch,cào
scratch,vết xước
scrub,"chà xát, lau chùi"
scrub,sự cọ rửa
smash,đập vỡ
solid,chất rắn
solid,rắn
speck,"vết, lốm đốm"
squash,làm bẹp
squash,tình trạng chen chúc
squeeze,"nén, ép"
squeeze,"sự nén, ép, bóp"
stack,xếp
stack,"đống, cụm"
stiff,cứng
stroke,vuốt ve
stroke,động tác vuốt ve
stuff,nhồi nhét
stuff,"món, thứ (đồ)"
substance,chất
synthetic,"tổng hợp, nhân tạo"
tear,xé
tear,vết rách
texture,"kết cấu, bề mặt"
transparent,trong suốt
built-up,có nhà cửa san sát
bypass,đi vòng
bypass,đường vòng
construct,xây dựng
demolish,dỡ bỏ
district,"khu vực, quận/huyện"
dwell,sinh sống
estate,khu dân cư
evict,đuổi khỏi
high-rise,cao tầng
housing,nhà ở
inner city,"nội đô, khu ổ chuột"
occupy,"chiếm giữ, cư trú"
glum,rầu rĩ
grimace,biểu hiện nhăn nhó
grimace,nhăn mặt
grin,nụ cười tươi
grin,cười tươi
handle,xử lý
impatient,thiếu kiên nhẫn
inertia,sự trì trệ
manners,tác phong
manoeuvre,động tác khéo léo
manoeuvre,điều khiển khéo léo
moan,tiếng rên
moan,than vãn
mock,chế giễu
neglect,sự bỏ bê
neglect,bỏ bê
neglect,sao nhãng
peep,cái nhìn trộm
peep,nhìn trộm
peer,nhìn săm soi
populated,đông dân
skyline,hình dáng in lên nền trời
skyscraper,tòa nhà chọc trời
structure,cấu trúc
suburban,ngoại ô
surroundings,môi trường xung quanh
urban,thành thị
acknowledge,"công nhận, thừa nhận"
acknowledge,bày tỏ lòng biết ơn
acknowledge,tỏ ra đã nhận ra
agonise,"chịu lo lắng, khổ sở"
apathy,sự lãnh đạm
avoid,ngăn ngừa
avoid,tránh xa
avoid,nên tránh
behaviour,hành vi
chuckle,nụ cười thầm
chuckle,cười thầm
comfort,sự an nhiên
comfort,sự an ủi
comfort,sung túc
comfort,an ủi
conduct,cách đạo đức
conduct,thực hiện
consequence,hậu quả
contentment,sự mãn nguyện
cross,"bực mình, cáu"
dignity,phẩm giá
disgust,sự ghê tởm
disgust,làm ghê tởm
disillusioned,vỡ mộng
fed up,chán ghét
giggle,cười khúc khích
glance,cái liếc mắt
glance,liếc
glimpse,cái nhìn thoáng qua
glimpse,nhìn thoáng qua
gloat,hách dịch
prevent,"cản, ngăn"
rejoice,vui mừng
resent,bực tức
resolve,kiên quyết
smirk,nụ cười nhếch mép
smirk,cười nhếch mép
snap,nổi cáu
snap,quát tháo
tactic,chiến thuật
terror,sự kinh hoàng
terror,sự khủng bố
administer,phát thuốc
admit,tiếp nhận vào viện
agony,cơn đau đớn
agony,sự đau khổ
antidote,thuốc giải độc
consultant,bác sĩ tham vấn
The passive,"Câu bị động nhấn mạnh hành động hoặc kết quả, thường dùng khi không rõ hoặc không cần nhắc đến người thực hiện hành động."
Impersonal passive,Dùng bị động vô danh để nói về suy nghĩ/quan điểm chung
Direct and indirect object,Dùng bị động với câu có 2 tân ngữ — trực tiếp và gián tiếp
Avoiding the passive,Tránh dùng bị động bằng cách dùng cụm giới từ phù hợp hơn
Modals - Advice and Permission,Dùng để đưa ra lời khuyên hoặc xin phép
Adjective Position,Tính từ thường đứng trước danh từ hoặc sau một số động từ chỉ trạng thái
Order of Adjectives,Thứ tự tính từ khi có nhiều tính từ đi trước danh từ
Adjectives as Nouns,Tính từ có thể dùng như danh từ để chỉ nhóm người hoặc quốc tịch
Adverb Position,"Trạng từ có thể đứng đầu, giữa hoặc cuối mệnh đề tùy loại"
Comparisons,Dùng để so sánh các người hoặc vật
Comparison Patterns,Các cấu trúc so sánh phức như the more ... the more ... hoặc not as ... as
Adjective and Adverb Confusion,"Một số từ có thể là cả tính từ và trạng từ, đôi khi nghĩa khác nhau"
Clauses - Relative pronouns,Đại từ quan hệ dùng để nối mệnh đề quan hệ với danh từ chính
Clauses - Participle clauses,Mệnh đề rút gọn dùng phân từ hiện tại/quá khứ
Clauses - Infinitive clauses,Mệnh đề với động từ nguyên mẫu dùng để thể hiện mục đích hoặc theo sau một số động từ nhất định
Clauses - Concession clauses,Mệnh đề nhượng bộ dùng để diễn tả sự trái ngược hoặc bất ngờ
Noun phrases - Countable nouns,"Danh từ đếm được có dạng số ít và số nhiều, dùng với a/an hoặc số đếm"
Noun phrases - Quantifiers,"Một số từ chỉ định lượng chỉ dùng với danh từ đếm được, không đếm được, hoặc cả hai"
Noun phrases - Zero article,Không dùng mạo từ khi nói chung hoặc trong các cụm thành ngữ
Future Time - Present simple,Dùng để nói về lịch trình hoặc sự kiện cố định trong tương lai
Future Time - Time clauses,Dùng mệnh đề thời gian để mô tả điều kiện cho hành động tương lai
Past Time - Past simple,"Dùng cho hành động hoàn tất, thói quen hoặc tình huống cố định trong quá khứ"
Past Time - Past continuous,Dùng cho hành động đang diễn ra hoặc lặp lại trong quá khứ
Past Time - Would past habit,Dùng để diễn tả thói quen trong quá khứ
Past Time - Used to,Dùng cho thói quen hoặc trạng thái đã từng xảy ra trong quá khứ
Present Time - Present simple,"Dùng cho sự thật, thói quen, tình trạng cố định, tiêu đề, lịch trình"
pay,trả giá đắt; khen ngợi ai đó; tự trả phần mình; bày tỏ lòng kính trọng; gánh hậu quả; tăng lương
peer,nhóm bạn cùng lứa; áp lực từ bạn bè
pen,bắt đầu viết; ngòi bút mạnh hơn gươm giáo; người làm công việc giấy tờ nhàm chán
person,đích thân làm gì đó; gặp ai đó trực tiếp
perspective,nhìn nhận đúng mức; theo quan điểm của; cái nhìn thực tế
place,đổi vị trí; thay thế cho; thay chỗ ai đó; được áp dụng; thay cho; lạc lõng; nơi làm việc
play,thi đấu với; đóng vai trò trong; giả vờ ngốc nghếch; giả vờ đồng ý; chơi đúng luật; chơi công bằng
point,chỉ vào; đi thẳng vào vấn đề; chú ý làm gì; không liên quan; đồng ý một phần; bạn đã nêu rõ ý kiến; hiểu quan điểm của ai đó; không có ích
polite,lịch sự với ai đó; ai đó lịch sự khi làm gì; chỉ xã giao; cuộc trò chuyện lịch sự; tầng lớp xã hội lịch thiệp
poor,về nhì một cách tệ; người thua cay cú; cậu bé tội nghiệp; người bị đối xử thấp kém; sức khỏe yếu; người giàu và người nghèo
power,giành quyền lực; thực thi quyền lực; có quyền làm gì; quyền kiểm soát; ngoài khả năng của ai; các thế lực cầm quyền; cơ cấu quyền lực
praise,khen ngợi ai vì đã làm gì; giành được lời khen; nhận được lời khen; xứng đáng nhận lời khen; tràn đầy lời khen ngợi; để ca ngợi
prefer,thích ai làm gì hơn; thích cái gì hơn; thích làm gì hơn; sẽ muốn hơn
principle,có nguyên tắc; trái với nguyên tắc của ai; nguyên tắc của điều gì; vấn đề về nguyên tắc
print,in tài liệu; in và xuất ra; đang được xuất bản; ngưng xuất bản
prison,bị đi tù; thụ án; thời hạn tù; cải cách nhà tù; nhân viên trại giam
process,đang trong quá trình; quá trình hòa bình; quá trình bầu cử; quá trình tư pháp; thủ tục công bằng
provoke,khiến ai đó làm gì; gây phản ứng; kích động biểu tình; gây làn sóng phản đối
purpose,phục vụ mục đích; mục đích làm gì; làm điều gì có chủ ý; nhằm mục đích; vượt ngoài ý định của ai
quality,chất lượng cao; chất lượng tốt; chất lượng kém; phẩm chất cá nhân; chất lượng cuộc sống; thời gian chất lượng
question,gợi ra câu hỏi; vấn đề về; bị nghi ngờ; không thể chấp nhận; không thể nghi ngờ; có nghi vấn về; câu hỏi khó xử
rain,mưa to; mưa nặng hạt; mưa xối xả; mưa lớn; mưa nhẹ; bị ướt khi mưa
raise,giơ tay; nêu vấn đề với ai; phản đối; lên giọng; nuôi dạy con; làm ai đó hy vọng; nâng cao nhận thức; quyên góp tiền
react,phản ứng với; phản ứng bằng cách; phản ứng phù hợp; phản đối
reaction,gây ra phản ứng; kích động phản ứng; khơi dậy phản ứng; phản ứng với; phản ứng chống lại
read,đọc tâm tư; hiểu rõ ai; đọc ngầm; đọc thành tiếng; đọc hết từ đầu đến cuối
reality,trốn tránh thực tế; đối mặt với thực tế; thực tế thì; chương trình thực tế
record,ghi chép; phá kỷ lục; thiết lập kỷ lục; được ghi lại; ngoài hồ sơ
relative,họ hàng gần; họ hàng xa; người mới; mệnh đề quan hệ; đại từ quan hệ
respect,tôn trọng ai vì điều gì; giành được sự tôn trọng; mất sự tôn trọng; thể hiện sự tôn trọng; về khía cạnh này; liên quan đến
response,để đáp lại; phản hồi; không có phản hồi; phản hồi nhanh
rest,nghỉ ngơi; nghỉ ngơi; đặt trên; yên tâm; dừng lại
rich,giàu có về; vô cùng giàu; giàu và nổi tiếng; người giàu và người nghèo
right,có quyền làm gì; có quyền; trao quyền cho ai; biết đúng sai; quyền con người
risk,đối mặt nguy cơ; gây rủi ro; chấp nhận rủi ro; gặp nguy hiểm; có nguy cơ
rule,tuân theo quy tắc; vi phạm quy tắc; linh hoạt quy tắc; nguyên tắc pháp quyền; loại trừ
run,vận hành; hết; vô tình gặp; xem lại nhanh; gặp rủi ro
rush,vội vàng làm gì; vội; giờ cao điểm; thúc ép ai; làm gì một cách vội vã
say,được phát biểu; nói một tiếng; khẳng định; bày tỏ ý kiến; không còn gì để nói
second,cho một chút; khoảnh khắc nhanh; đồ cũ; thứ hai tốt nhất
sense,hiểu; nhận ra điều đúng đắn; có óc phán đoán; lẽ thường
sentence,tuyên án; thụ án; án tù; án tử hình; chung thân
shape,tập luyện; giữ vóc dáng; bắt đầu hình thành; mất dáng; có hình dạng
share,chia sẻ với; chia giữa; chia trong số; cổ đông; chỉ số cổ phiếu; quyền chọn cổ phiếu
sharp,để mắt kỹ; tăng mạnh; giảm mạnh; chỉ trích gay gắt
short,cạn kiệt; thiếu; ngắn hạn; thông báo gấp; chốc lát
law,trở thành luật; vi phạm luật; giữ vững luật pháp; thông qua luật; đặt ra quy tắc
lead,dẫn đường; khiến ai làm gì; dẫn đầu; giữ vị trí dẫn đầu; theo sau hướng dẫn
leisure,khi rảnh rỗi; thời gian rảnh rỗi; trung tâm giải trí; hoạt động giải trí
length,nỗ lực hết sức; chạy dài; chiều dài; cùng chiều dài; khoảng thời gian
letter,nhận thư từ; viết thư cho; gửi thư cho ai; bom thư
life,đặt ai đó vào nguy hiểm; làm cho thứ gì đó sống động; sống lại; cứu sống ai; cướp đi sinh mạng; mất mạng; chất lượng cuộc sống
lightning,tia sét; chớp; bị sét đánh; tốc độ cực nhanh
like,thích làm gì; thích làm gì; bất cứ điều gì giống; không gì giống; giống nhau; bằng cách tương tự; giống như; điển hình của ai đó
link,liên kết đến; liên quan; tìm mối liên hệ; chứng minh mối liên hệ; thiết lập mối liên hệ; nhấp vào liên kết; theo liên kết
live,sống cuộc đời tội phạm; sống sang trọng; sống để làm gì; sống và để người khác sống; sống trong hy vọng; sống trong sợ hãi; sống để kể lại
load,chất đầy; xếp vào; gỡ bớt gánh nặng; lượng lớn; rất nhiều; gánh nặng to lớn; mang gánh nặng
lock,khóa trong; khóa lại phía sau; khóa bên dưới; tranh cãi gay gắt; thợ khóa
long,kéo dài; mất nhiều thời gian; suốt cả ngày; một quãng đường dài; khoảng cách xa; cuối cùng; suy nghĩ kỹ lưỡng; từ lâu
lot,rất nhiều; rất nhiều; nhiều việc; liên quan rất nhiều; tất cả
love,thích làm gì; thích làm gì; phải lòng; đang yêu; mối tình; tình yêu với
luck,liều lĩnh; gặp may; bùa may mắn; đem lại may mắn; bỏ mặc may mắn; chúc may mắn
mark,chấm điểm; để lại dấu ấn; đánh dấu sự kiện; ghi dấu ấn; nhanh chóng; chậm trễ; trúng đích
marriage,quan hệ hôn nhân; tư vấn hôn nhân; lời thề hôn nhân; giấy đăng ký kết hôn; lời cầu hôn
material,hàng hóa; tài sản vật chất; sự giàu có vật chất; nguồn lực vật chất; nguyên liệu thô
matter,vấn đề; chỉ mất; càng tệ hơn; dù thế nào; không phải trò đùa; mang tính chủ quan; khẩn cấp
medicine,uống thuốc; y học thay thế; y học bổ sung; y học thảo dược; y học hiện đại
mental,ghi nhớ trong đầu; tính toán trong đầu; bệnh tâm thần; sức khỏe tinh thần; tắc nghẽn tư duy
metal,kim loại quý; kim loại cơ bản; máy dò kim loại; nhạc metal; phế liệu kim loại
sick,xin nghỉ ốm; cảm thấy buồn nôn; khiến ai đó buồn nôn; thất vọng tột độ; chán ngấy; sợ hãi tột cùng; buồn nôn trong lòng; túi nôn
side,đứng về phía; chọn phe; nhìn hai phía; bên kia; hai bên; mặt tích cực; mặt tiêu cực; song song
size,đúng như vậy; cắt cho vừa; về kích cỡ; có kích thước nhất định; tăng kích thước; giảm kích thước
small,cảm thấy thua kém; theo cách nhỏ; thế giới nhỏ bé; nói chuyện xã giao; tiền lẻ; số lượng nhỏ; lượng nhỏ; doanh nghiệp nhỏ
smooth,làm cho thuận tiện; nói chuyện bẽn lẽn; thuận buồm xuôi gió
social,điều kiện xã hội; giao tiếp xã hội; an sinh xã hội; dịch vụ xã hội; thăm xã giao; nhân viên xã hội
speaking,khen ngợi; ca ngợi; nói xấu; phê bình; bày tỏ suy nghĩ; lên tiếng; cùng chung quan điểm; có thể nói
start,khởi đầu tốt; khởi đầu tồi; khởi đầu thuận lợi; khởi đầu xuất sắc; lợi thế ban đầu; bắt đầu lại; trước hết; ngay từ đầu
steady,giữ thăng bằng; bình tĩnh; giữ ổn định; mối quan hệ bền chặt; tăng trưởng ổn định; ánh nhìn kiên định; nhịp độ đều
straight,làm rõ; hiểu chính xác; suy nghĩ rõ; nhìn thẳng; nói thẳng; câu trả lời thẳng thắn
style,tự phong; đi sang trọng; hợp mốt; lỗi mốt; phong cách; phong cách cá nhân
subject,tuân theo; đưa ra; chuyển sang; bỏ qua; bắt ai chịu; là đối tượng của; công dân Anh
sun,tắm nắng; ngồi dưới nắng; dưới nắng; dưới bóng râm; tận hưởng nắng; hoàng hôn
support,ủng hộ làm gì; ủng hộ ai; ủng hộ điều gì; hỗ trợ tài chính; hỗ trợ tinh thần; ủng hộ đội
surface,bề mặt; bên dưới bề mặt; dưới bề mặt; diện tích bề mặt; bề mặt bếp; bề mặt nhẵn
table,bày bàn; dọn bàn; phủ bàn; đưa ra đề xuất; phép tắc bàn ăn; được bàn tới; lén lút
talk,thuyết phục ai; ngăn cản ai; nói lý; nói suông; giành quyền; trốn tránh
taste,hình thành sở thích; có sở thích; tiếp nhận sở thích; hợp gu; kém nhã; khứu giác
tell,nói sự thật; nói dối; ra lệnh; kể cho; phân biệt; được bảo; tố cáo
term,ngắn hạn; dài hạn; nhiệm kỳ; thời hạn tù; thời hạn cố định; thời gian học
thin,dễ tổn thương; thưa thớt; khan hiếm; xuất hiện đột ngột; biến mất hoàn toàn
threat,đe dọa; bị đe dọa; mối đe dọa; đe dọa đánh bom; đe dọa giết người
time,tiêu thời gian; dành thời gian làm gì; thu xếp thời gian; tìm thời gian; tốn thời gian; kịp giờ; đúng giờ; giới hạn thời gian
want,muốn ai làm gì; muốn điều gì được làm; vì thiếu
way,cản đường; biết đường; lạc đường; giải quyết trước; chắn đường; trên đường; bằng cách này; cách làm
weak,yếu lòng; kém về; lập luận yếu; điểm yếu; thiếu ý chí
weather,thời tiết đẹp; thời tiết xấu; thời tiết bất thường; trong mọi thời tiết; mệt mỏi; dự báo thời tiết; chống chịu thời tiết
web,lướt web; trên mạng; trang web; webcam; mạng toàn cầu; trang web
wedding,kỷ niệm cưới; bánh cưới; lễ cưới; váy cưới; thiệp cưới; quà cưới
wheel,cầm lái; sau tay lái; vòng quay vận may
wind,gió to; gió mạnh; gió nhẹ; đi ngược gió; tin đồn; tránh gió; cơn gió mạnh; làn sóng thay đổi
window,đi ngắm đồ; trưng bày; người trang trí cửa sổ; mất đi; cái nhìn; góc nhìn
word,nói giúp; trao đổi; lan truyền tin; ngay từ đầu; nói cách khác
work,làm về; làm trong; làm cùng; làm với vai trò; làm tại; làm cho; rất hiệu quả; đôi bên cùng có lợi; hoạt động tốt; mang lại hiệu quả; thăng tiến; vừa học vừa làm
worse,trở nên tồi tệ hơn; càng tệ hơn; xuống cấp; theo chiều hướng xấu; nếu tình huống xấu nhất xảy ra
worst,làm tệ nhất; lo sợ điều tệ nhất; tự hại bản thân; tệ nhất cũng chỉ vậy
write,viết cho; hiện rõ trên mặt; viết về; viết về; viết trên; loại bỏ; bế tắc viết lách
year,tuổi; theo năm; nhiều năm; năm này qua năm khác; không bao giờ; tràn đầy
tool,công cụ để; công cụ của; thanh công cụ; bộ dụng cụ; dụng cụ điện
top,chiếm ưu thế; quản lý; nắm bắt; ngoài ra; nhớ nhanh; từ đầu; ở đỉnh; tuyệt vời; ưu tiên hàng đầu; tối mật
tough,nghiêm khắc với; khắt khe với; xui xẻo; tình yêu nghiêm khắc; gã cứng rắn
town,quy hoạch đô thị; thị trấn; trong thành phố; ngoại ô; trung tâm thành phố
track,theo dõi; mất dấu; đúng tiến độ; theo dõi; xa lối mòn
treat,điều trị; chiêu đãi; đối xử; chữa bệnh; chăm sóc; đối xử tàn nhẫn; đối xử công bằng
turn,tìm đến; chĩa súng vào; nhờ cậy; trở lạnh; tròn bốn mươi
understanding,đạt được thỏa thuận; có thỏa thuận với; hiểu biết; nhận thức về
use,sử dụng để; sử dụng để; sử dụng đúng cách; nhiều công dụng; đang sử dụng; có ích; vô ích; dùng để làm gì
view,có quan điểm rằng; quan điểm về; xuất hiện; xét tới; tầm nhìn từ; góc nhìn
mind,quyết định; thoáng qua; nhớ; ghi nhớ; tập trung; phân vân; nghĩ về; quên đi; gợi nhớ; đừng bận tâm
misapprehension,hiểu sai rằng
moment,chờ một chút; sẽ mất chút; ngay; đợi một lát; lúc này; trong chốc lát; thời khắc quyết định; tạm thời
money,kiếm tiền; tiêu tiền; tiết kiệm tiền; có tiền; làm vì tiền; làm thay vì nói; xứng đáng; trả nhiều tiền
mother,mẹ của; mẹ đơn thân; mẹ làm việc; mẹ tương lai; người mẹ tinh thần; mẫu quốc; tiếng mẹ đẻ; mẹ chồng; Mẹ Thiên nhiên
move,chuyển đến; nhanh lên; theo dõi; hành động; đang di chuyển/tiến triển
national,quốc ca; trang phục truyền thống; nợ quốc gia; ngày lễ toàn quốc
native,bản địa; người bản địa; người nói bản ngữ; không bản địa; quê hương; tiếng mẹ đẻ; loài sinh vật bản địa
natural,nguyên nhân tự nhiên; năng lực bẩm sinh; tài nguyên thiên nhiên; chọn lọc tự nhiên
nature,bản chất của...; về bản chất; Mẹ Thiên nhiên; bản chất con người; trở thành thói quen tự nhiên
near,sắp làm gì; tương lai gần; từ khắp nơi; suýt thất bại; gần giống nhất với; người thân cận
need,cần ai làm gì; cần được làm; đáp ứng nhu cầu; không cần; đang cần
never,ai mà biết được; không bao giờ nữa; đừng bận tâm; không có hồi kết
new,chưa quen; mới toanh; hoàn toàn mới; như mới; diện mạo mới; phong cách hiện đại
nice,tốt với ai; ai đó tốt khi làm gì; rất vui gặp/nghe/thấy ai; rất sạch; an toàn; ấm áp
notice,để ý thấy ai làm gì; nhắc nhở ai điều gì; ai đó chú ý; ai đó không để ý; chú ý đến; gấp; cho đến khi có thông báo tiếp theo
now,lúc để làm gì; từ giờ trở đi; hiện tại; bởi vì giờ đây; mới đây; bất cứ lúc nào
odds,rất có khả năng là; khả năng xảy ra; khả năng ủng hộ; khả năng chống lại; bất chấp mọi khó khăn; đoán; nắm lấy cơ hội
off,nghỉ làm; hết ca trực; ngay lập tức; lúc có lúc không; mất thăng bằng; cấm vào
office,nhậm chức; tranh cử; giữ chức; trụ sở chính; người nắm giữ chức vụ; công việc văn phòng; giờ làm việc
old,trở nên già; tuổi già; người già; người dày dạn; cổ hủ; gia đình giàu lâu đời; tình cũ; tư tưởng cổ hủ
on,cố tình; tự mình; dài dòng mãi; một mặt; mặt khác; trên đầu; đúng giờ; khi cần; cho mượn
opt,chọn; chọn làm gì
option,không còn lựa chọn nào; cân nhắc lựa chọn; giữ lựa chọn; để lựa chọn; lựa chọn làm gì; lựa chọn để làm gì
paper,mảnh giấy; giấy; trình bày đề tài; viết đề tài; nghề phát báo; bằng cấp giấy; công việc giấy tờ
end,kết thúc; chấm dứt; đã kết thúc; liên tục hàng giờ
energy,có năng lượng làm gì; thiếu năng lượng làm gì; dồn năng lượng vào; nguồn năng lượng; năng lượng hạt nhân; năng lượng thay thế; năng lượng tái tạo
equal,có chất lượng tương đương; có giá trị tương đương; bằng kích thước; bằng chất lượng; bằng giá trị; tương đương với; có cùng kích thước; có cùng chất lượng; có cùng giá trị
erect,dựng tượng; tư thế thẳng
ever,hầu như không bao giờ; nếu có cũng hiếm; lần đầu tiên; duy nhất; cuối cùng; lớn hơn bao giờ hết; tốt hơn bao giờ hết; như thường lệ
example,một ví dụ về; làm gương; ví dụ điển hình; ví dụ điển hình nhất
fall,ngã bệnh; yêu; thuộc loại; thiếu hụt; ngủ gật; sụp đổ
family,bắt đầu một gia đình; gia đình hạt nhân; gia đình mở rộng; họ hàng gần; họ hàng xa; bạn của gia đình; họ; cây gia phả
fat,trở nên giàu có/mập; khó có thể xảy ra; không hề hữu ích
feature,nổi bật trong; đặc điểm của; đặc điểm nổi bật; tính năng an toàn; tác giả bài nổi bật
feel,cảm thấy muốn làm; cảm giác như; cảm thấy mạnh mẽ về; cảm nhận ảnh hưởng/lợi ích; cảm thấy tội lỗi...; cảm thấy tự nhiên
find,tự dưng làm gì; bắt gặp ai đó; gặp khó khăn khi làm; tìm đường/giải pháp
fine,xoay sở vừa kịp; phạt vì...; mức phạt nặng/nhẹ
floor,lên phát biểu; buổi diễn trên sàn; tầng trệt/thứ nhất...; sơ đồ tầng
fly,treo cờ/thả diều; tấn công ai; mở toang; trôi qua nhanh chóng
focus,tập trung vào; tiêu điểm của...; rõ/mờ; nhóm thảo luận
fold,gấp đôi; gấp gọn/gấp cẩn thận; gấp phẳng
follow,nghe lời ai; hiểu luận điểm; theo sau; noi gương; như sau; làm theo
form,hình thành ấn tượng; có hình dạng...; dưới dạng...; mẫu đơn; cách hành xử tốt/xấu
foundation,đặt nền móng; khóa học cơ sở; viên đá nền tảng
free,thả ai tự do; thả ai; tự do đi lại; giải thoát; tự do làm gì; thoải mái; cứ tự nhiên
fresh,không khí trong lành; tươi tắn; khởi đầu mới; vừa mới từ; vừa hết; nước ngọt
friend,kết bạn; bạn thân; bạn chung; vòng bạn bè; là bạn với ai
generation,thế hệ già/trẻ; khoảng cách thế hệ; thế hệ X; thế hệ tương lai
consequence,chấp nhận/hứng chịu hậu quả; hậu quả nghiêm trọng; hậu quả trực tiếp; vì lý do; không quan trọng
consideration,cân nhắc; xem xét; quan tâm tới; được xem xét; để cân nhắc; vì cân nhắc tới ai
course,trong suốt quá trình; diễn biến hành động/sự kiện
crime,thực hiện/cho phép/chứng kiến/giải quyết tội ác; chống tội phạm; tỷ lệ tội phạm; tội phạm có tổ chức
cry,khóc vì...; kêu cứu; khóc nhiều; khóc thỏa thích; bật khóc
date,bắt đầu xuất hiện từ; có từ khi; cập nhật; chọn ngày; hẹn hò; một ngày trong tương lai; đến nay
day,khiến ai đó hạnh phúc; ban ngày; sắp tới; từng ngày; ngày nghỉ; chuyến đi trong ngày
dead,tắt/ngừng hoạt động; đột ngột chết; im lặng tuyệt đối; mệt lả; biến mất; ngay phía trước mặt
deal,buôn bán; giải quyết; giáng đòn; mua giá tốt; cho thỏa thuận tốt; rất nhiều
decide,quyết định chọn; quyết định không; quyết định ủng hộ; tự quyết định; quyết định làm gì
about,một phần/đa phần/toàn bộ về; làm gì để xử lý; sắp làm gì
access,có/đạt được/cung cấp sự tiếp cận; truy cập Internet; lối đi xe lăn
account,chiếm; kể lại; tính đến; bởi vì; theo những gì thu thập; theo ý kiến ai
act,hành vi thiện/chưa thiện; hành động tuyệt vọng/cần thiết; hành động dựa vào lời khuyên; vì lý do gì; đóng vai; cư xử như; cư xử đúng tuổi; đang làm gì thì bị bắt gặp
age,hành động đúng tuổi; chưa đủ tuổi; tuổi già; độ tuổi đi làm/nghỉ hưu; giới hạn tuổi; nhóm tuổi; thời kỳ Đồ Đá/Đồng/Sắt
ages,tốn nhiều thời gian; rất lâu về trước; có vẻ đã lâu lắm rồi
answer,trả lời ai đó; đáp lại lời; đáp lại lời cầu nguyện; rất giống với; chịu trách nhiệm về
argument,cãi vã với ai; thắng/thua tranh cãi; tranh luận về; lập luận ủng hộ/chống; không cần bàn cãi
arm,trang bị cho ai; trang bị cho bản thân; chuẩn bị chiến đấu; vứt bỏ vũ khí; kiểm soát vũ khí
art,nghệ thuật/kỹ thuật làm việc gì; trang trí nghệ thuật; phòng trưng bày nghệ thuật; phim nghệ thuật
ask,tự hỏi bản thân; nhờ ai giúp đỡ; mời đến nhà; mời vào nhà; chắc chắn gặp rắc rối; theo tôi
associate,liên kết cái gì với
authority,có thẩm quyền làm gì; trao quyền cho ai; chính quyền địa phương
back,lùi vào chỗ nào; lùi lên trên; chống lưng/ủng hộ ai làm gì
bad,thiu/hỏng; có hại cho ai; kém về cái gì; mối quan hệ xấu
balance,tìm cân bằng; phá vỡ/khôi phục cân bằng; cân bằng giữa; mất thăng bằng
basis,trên cơ sở; hàng ngày/tạm thời; dựa trên cơ sở
behaviour,hành vi đối với; hành vi chống đối/bạo lực; hành vi gương mẫu
belief,bộc lộ niềm tin; ngược với niềm tin chung; niềm tin vững chắc
bend,uốn cong thành gì; quá tức giận; nới lỏng quy tắc
best,tận dụng tốt nhất; ở trạng thái tốt nhất; theo khả năng tốt nhất; bạn thân nhất
bet,đánh cược; đặt cược; điều chắc chắn thành công
better,trở nên tốt hơn; khấm khá hơn; lần sau sẽ tốt hơn; dù tốt dù xấu
big,làm quá lên; thành công nhanh; đã tốt khi làm gì; rất thích; doanh nghiệp lớn; hào hiệp; nhiều tiền; sự kiện quan trọng
block,chặn đường; tòa chung cư; tòa nhà cao tầng; rào cản tâm lý
book,hiểu rõ ai; làm đúng chuẩn; sách về; điều bí ẩn; người dễ hiểu; theo tôi; hài lòng/khó chịu với ai
born,sinh ra để làm; sinh vào ngày/nơi nào; sinh ra trong gia đình; sinh ra và lớn lên; tái sinh; sơ sinh
bottom,đứng cuối; tìm nguyên nhân; giảm sâu; điểm mấu chốt
brain,hỏi ý ai; vắt óc; người đứng sau; ngu ngốc; động não; ý tưởng chợt đến
break,phá thói quen; phá truyền thống; nghỉ giải lao; giờ nghỉ trưa/cà phê
brick,cửa hàng thực; tường gạch; thợ nề
certain,chắc chắn; chắc chắn làm; đảm bảo; chắc chắn về; một lượng nhất định
chance,đánh liều; mặc kệ; tình cờ; liệu có phải không; cơ hội thứ hai/cuối; ngẫu nhiên; có/không có cơ hội
change,đổi từ... sang; biến thành; đổi lấy; thay đổi tốt hơn/tệ hơn; đổi ý; đổi chủ đề; tạo sự thay đổi; trải qua thay đổi
charge,buộc tội ai; tính tiền ai; chịu trách nhiệm; trao quyền; toàn quyền
child,khi còn nhỏ; con một; con của; chăm sóc trẻ; lạm dụng trẻ em; trò trẻ con
choice,đưa ra lựa chọn; bầu chọn; không có lựa chọn; lựa chọn giữa; lựa chọn dựa trên thông tin; nhiều lựa chọn; lựa chọn hiển nhiên
choose,chọn ra từ; chọn giữa; chọn làm; chọn trong nhóm; lựa chọn làm gì; cân nhắc kỹ và chọn; không có gì để chọn
class,phân loại; tầng lớp xã hội; lao động/trung lưu/thượng lưu; giai cấp thống trị; hệ thống giai cấp; mâu thuẫn giai cấp
clean,lau dọn sạch sẽ; cắt đứt hoàn toàn; sạch sẽ gọn gàng; khởi đầu mới; dọn sạch không cần thiết
clear,làm rõ; nói rõ ý; lương tâm trong sạch; hiểu rõ; rõ ràng; khó hiểu; bằng chứng rõ ràng; trường hợp rõ ràng
clock,đặt báo thức; đếm thời gian; chạy đua thời gian; suốt ngày đêm; theo chiều kim đồng hồ; bộ máy đồng hồ
come,đi tới kết luận/quyết định; lên nắm quyền; hiện ra trước mắt; gây sốc; trở thành hiện thực
common,có điểm chung; khá phổ biến; ngôn ngữ chung; người dân; thực hành phổ biến
conclusion,đưa đến kết luận; đi đến kết luận; vội kết luận; kết lại; kết quả đương nhiên
judge,sự phán xét; bộ máy tư pháp; sự sáng suốt; khôn ngoan; (thuộc) tòa án; mang tính phán xét; một cách khôn ngoan
know,công nhận; sự công nhận; tri thức; uyên bác; được công nhận; không được công nhận; thận trọng; một cách hiểu biết
land,"việc đổ bộ, hạ cánh; đã có đất đai; không có đất; hạ cánh"
large,mở rộng; sự mở rộng; phần lớn
last,tồn tại lâu hơn; bền vững; vĩnh viễn; cuối cùng thì
leisure,nhàn hạ; một cách chậm rãi
logic,hợp lý; không hợp lý; một cách hợp lý; một cách không hợp lý
long,kéo dài; kéo dài; dài; sự trường thọ; chữ viết tay; sự khao khát; một cách khao khát; dài dòng; kéo dài thêm; theo chiều dọc; theo chiều dọc
lot,phân công; sự phân công
loyal,trung thành; không trung thành; một cách trung thành; một cách không trung thành
magnify,sự nguy nga; sự phóng đại; tráng lệ; một cách tráng lệ
major,nữ đội trưởng diễu hành
manage,quản lý kém; quản lý; người quản lý; sự quản lý kém; không thể quản lý; bị quản lý kém; thuộc quản lý
manufacture,nhà sản xuất; sự sản xuất
match,bà mối; công việc mối lái; que diêm; gỗ diêm; hộp diêm; vô song; hợp; không sánh bằng
material,cụ thể hóa; chủ nghĩa duy vật; nặng về vật chất; không quan trọng; một cách hữu hình
mature,"sự trưởng thành; sự thiếu trưởng thành; sự chín, trưởng thành; non nớt"
mean,ý nghĩa; sự có ý nghĩa; vô nghĩa; một cách có ý nghĩa
metal,(thuộc) kim loại; ngành luyện kim
might,"mạnh, hùng cường; một cách đầy quyền lực"
minor,thiểu số
mobile,huy động; làm bất động; sự chuyển động; sự bất động; sự huy động; bất động
modern,hiện đại hóa; sự hiện đại hóa; chủ nghĩa hiện đại; người theo chủ nghĩa hiện đại
mode,trình hiện đại
moment,chốc lát; ngay tức khắc
moral,lên lớp dạy đời; làm mất tinh thần; đạo đức; trái đạo đức; nhà đạo đức học; nhuệ khí; phù hợp đạo đức; không phù hợp đạo đức
motion,bất động
motive,thúc đẩy; tước bỏ động lực; yếu tố thúc đẩy; sự động lực; sự thiếu động lực; có tính thúc đẩy; làm giảm động lực; có sức truyền cảm hứng
mount,vượt qua; núi; môn leo núi; có thể vượt qua; không thể vượt qua; thuộc vùng núi
move,"động cơ, lực; sự chuyển động; có thể di chuyển; không thể di chuyển"
mystery,làm hoang mang; sự hoang mang; bí ẩn; một cách bí ẩn
neglect,tính cẩu thả; không đáng kể; tắc trách; một cách tắc trách
new,"làm mới lại; sự làm mới lại; tính mới mẻ; có thể đổi mới; lại, một lần nữa"
object,mục tiêu; sự phản đối; tính khách quan; người phản đối; không thể chấp nhận; có thể chấp nhận
observe,một cách khách quan; sự quan sát; sự tuân thủ; người quan sát; đài quan sát; dễ thấy; tinh mắt; một cách dễ thấy
obsess,sự ám ảnh; bị ám ảnh; ám ảnh; một cách ám ảnh
place,thay thế; sự sắp xếp; không thể thay thế
play,chơi lại; cường điệu; làm giảm; người chơi; đùa bỡn
portion,phân chia
power,trao quyền; áp đảo; sự bất lực; một cách mạnh mẽ; một cách bất lực
prefer,sở thích; được ưa thích; ưu đãi; một cách tốt hơn
prejudice,có thành kiến; không thành kiến
prevent,phòng ngừa; ngăn chặn; có thể ngăn chặn
print,tái bản; bản in; máy in; ấn dấu; không thể in được
probable,khả năng; không chắc xảy ra; một cách có/không chắc
process,bộ xử lý; xử lý; chế biến
produce,nhà sản xuất; sản phẩm; năng suất; phản tác dụng; không hiệu quả
progress,sự tiến bộ; một cách tiến bộ
provoke,sự khiêu khích; một cách khiêu khích
public,công bố; sự chú ý; xuất bản; chuyên gia truyền thông
pursue,người theo đuổi
quality,chất lượng
race,chủng tộc
rational,hợp lý
reason,lý do
regret,hối tiếc
occur,xảy ra
office,văn phòng
opinion,ý kiến
parent,cha mẹ
pass,đi qua
pay,trả
perceive,sự nhận thức; khả năng nhận thức; (không) thể cảm nhận được; (một cách) (không) nhạy bén
perfect,sự hoàn hảo; người cầu toàn; chủ nghĩa hoàn hảo; có thể hoàn thiện; một cách hoàn hảo; (một cách) không hoàn hảo
period,tạp chí định kỳ; một cách định kỳ
permit,sự cho phép; tính dễ dãi; dễ dãi; có thể chấp nhận
persist,sự kiên trì; (một cách) kiên trì
person,"cá nhân hóa; giả danh; tính cách; nhân sự; giữa các cá nhân; (một cách) (không) cụ thể, riêng tư"
persuade,"ngăn cản, thuyết phục từ bỏ; sự thuyết phục; (một cách) thuyết phục"
phrase,"diễn đạt bằng cách khác; diễn giải, diễn đạt; cách phân nhịp; ngữ cú, cách nói viết"
fold,"gấp nếp, bọc lại; mở ra, bày ra; thư mục; (không) gấp lại được; gấp/kép lại được"
fortune,"điều không may; (một cách) (không) may mắn; tình cờ, ngẫu nhiên"
fruit,"sự sai quả, khả năng thành công; sự không ra quả; sự kết trái, sự hưởng; (một cách) thành công; (một cách) vô ích"
future,người theo thuyết vị lai; (một cách) thuộc về tương lai
go,trải qua; quá khứ của go; đi trước; quá khứ của forego; quá khứ phân từ của forego; đang diễn ra; cởi mở
good,hàng hóa; lòng tốt; thiện chí; người tốt
govern,cai trị sai; chính phủ; thống đốc; cô giáo; có quyền cai trị; thuộc chính phủ; không thể kiểm soát
hand,xử lý; người điều khiển; cách xử lý; tài liệu phát ra; sự bàn giao; một nắm tay; đồ do tay làm; lén lút
hard,"có ích, tiện tay; sự gian khổ; độ cứng; chịu khó, bền"
hear,nghe lỏm; thính giác; tin đồn
high,làm cao thêm; xa rời thực tế; ở mức độ cao; làm nổi bật; chiều cao; đỉnh cao
history,nhà sử học; mang tính lịch sử; (một cách) thuộc lịch sử
house,nhà ở; hộ gia đình; đầy một nhà
human,nhân hóa; nhân loại; chủ nghĩa nhân đạo; người theo chủ nghĩa nhân đạo; các môn nhân văn; người nhân đạo; nhân văn; từ góc độ con người
ideal,lý tưởng hóa; chủ nghĩa lý tưởng; sự lý tưởng hóa; người theo chủ nghĩa lý tưởng; duy tâm; được lý tưởng hóa; một cách lý tưởng
illusion,"sự vỡ mộng; sự làm vỡ mộng; bị vỡ mộng; ảo tưởng, viển vông"
imagine,trí tưởng tượng; những hình dung; (một cách) giàu trí tưởng tượng; (một cách) (không) giàu trí tưởng tượng
imitate,sự bắt chước; kẻ bắt chước; có tính bắt chước; không thể bắt chước được
imply,"lôi kéo, dính líu; sự liên can; (một cách) ngầm định"
impress,ấn tượng; sự (không) ấn tượng; người theo trường phái ấn tượng; dễ bị ảnh hưởng; thuộc trường phái ấn tượng; (một cách) (không) gây ấn tượng
improve,sự cải thiện; có thể cải thiện; được cải thiện
incident,"tần suất, tỉ lệ mắc phải"
coincide,sự trùng hợp; (một cách) ngẫu nhiên
indicate,sự biểu thị; tín hiệu; chỉ ra
individual,cá nhân hóa; chủ nghĩa cá nhân; cá tính; người theo chủ nghĩa cá nhân; mang tính cá nhân
influence,có ảnh hưởng lớn
inhabit,cư dân; môi trường sống; nơi ở; (không) thể ở được
inherit,sự thừa kế; di sản; truyền từ đời này sang đời khác
insist,sự khăng khăng; khăng khăng
instinct,một cách theo bản năng
institute,thể chế hóa; tổ chức; thuộc tổ chức; được thể chế hóa
intend,ý định; (không) cố ý; (một cách) (không) có chủ đích
intimate,sự thân mật; một cách thân mật
job,làm việc vặt; thất nghiệp
electric,làm nhiễm điện; thợ điện; điện; đã nhiễm điện; đầy hứng khởi; (thuộc) điện
elude,tính lảng tránh; khó nắm bắt
employ,việc làm; thất nghiệp; thiếu việc; người sử dụng lao động; nhân viên; có việc; thất nghiệp; có thể tuyển dụng; không thể tuyển dụng
end,chịu đựng; sức bền; có thể chịu đựng; không thể chịu đựng được; không có hồi kết; sự kết thúc; vô tận; một cách vô tận
envy,đáng ghen tị; không đáng ghen tị; một cách đáng ghen tị; một cách không đáng ghen tị; ghen tị; một cách ghen tị
erode,sự xói mòn
erupt,sự phun trào
event,tình huống có thể xảy ra; nhiều sự kiện; không có nhiều sự kiện; cuối cùng; cuối cùng
evolve,sự tiến hóa; (thuộc) tiến hóa; đang tiến hóa
example,minh họa; sự minh họa; mẫu mực
exclaim,câu cảm thán; mang tính cảm thán
expect,sự mong đợi; sự chờ đợi; mong chờ; một cách mong chờ; được mong đợi; không ngờ tới; một cách mong đợi; một cách bất ngờ
explain,sự giải thích; mang tính giải thích; không rõ nguyên nhân; có thể giải thích; không thể giải thích; một cách không thể giải thích
express,sự biểu lộ; tính diễn cảm; chủ nghĩa biểu hiện; người theo chủ nghĩa biểu hiện; có tính biểu cảm; vô cảm; sự vô cảm; một cách biểu cảm
extend,sự mở rộng; mức độ; được mở rộng; không được mở rộng; có thể kéo dài; không thể kéo dài
extinct,sự tuyệt chủng
familiar,làm cho quen; sự quen thuộc; sự không quen thuộc; không quen thuộc; một cách thân mật
favour,sự thiên vị; người yêu thích; có thiện chí; không thuận lợi; một cách thuận lợi; một cách không thuận lợi
finite,vô cực; động từ nguyên mẫu; vô hạn; một cách vô hạn; cực nhỏ; một cách cực nhỏ
flexible,tính linh hoạt; tính cứng nhắc; cứng nhắc
character,mô tả; sự mô tả; đặc trưng; không đặc trưng; không có bản sắc
charity,lòng nhân ái; có lòng nhân ái; không có lòng nhân ái; một cách nhân ái; một cách không nhân ái
choose,đã chọn; được chọn; sự lựa chọn; kén chọn
class,vượt trội; giải mật; phân loại; tác phẩm kinh điển; mục rao vặt; sự phân loại; không giai cấp; bạn cùng lớp; phòng học; bài học trên lớp; sang trọng
collect,thu thập; người sưu tầm; bộ sưu tập; có thể sưu tầm; được thu thập; tập thể; một cách tập thể
come,vượt qua; sự trở lại; người mới đến; kết quả; thu nhập; sắp tới; đang đến; mới đến
compete,cuộc thi; đối thủ; tính cạnh tranh; cạnh tranh; không cạnh tranh; một cách cạnh tranh; một cách không cạnh tranh
concept,khái niệm hóa; khái niệm; quan niệm; có thể tưởng tượng; không thể tưởng tượng; một cách có thể tưởng tượng; một cách không thể tưởng tượng
confuse,sự nhầm lẫn; bối rối; gây nhầm lẫn; một cách gây nhầm lẫn
connect,ngắt kết nối; kết nối lại; kết nối lẫn nhau; sự liên kết; kết nối; ngắt kết nối; kết nối lại; đầu nối
conserve,sự bảo tồn; nhà bảo tồn; bảo thủ; một cách bảo thủ
consider,sự cân nhắc; được xem là; xét đến; đáng kể; không đáng kể; một cách đáng kể
content,nội dung; bất mãn; hài lòng; không hài lòng
continue,ngừng lại; sự tiếp tục; tính liên tục; liên tục; liên tục; một cách liên tục; một cách liên tục
convert,sự chuyển đổi; có thể chuyển đổi
convince,sự tin chắc; bị thuyết phục; không bị thuyết phục; có sức thuyết phục; không có sức thuyết phục; một cách thuyết phục; một cách không thuyết phục
crime,không hình sự hóa; tội phạm; sự phạm tội; một cách phạm pháp
decide,quyết định; trận quyết định; sự quyết đoán; quyết đoán; thiếu quyết đoán; một cách quyết đoán
declare,tuyên bố; được công bố; không công bố
deep,làm sâu thêm; độ sâu; một cách sâu sắc
define,định nghĩa; được xác định; dứt khoát; một cách chắc chắn; không xác định; một cách không xác định
dense,mật độ; độc lập; sự phụ thuộc; phụ thuộc; độc lập; một cách phụ thuộc; một cách độc lập
derive,nguồn gốc; bắt nguồn từ
desire,đáng ao ước; không đáng ao ước; mong muốn; được mong muốn; một cách mong muốn; một cách không mong muốn
destroy,tàu khu trục; sự phá hủy; không thể phá hủy; phá hoại; một cách phá hoại
distant,cách đều nhau; một cách xa cách
do,làm quá sức; làm giỏi hơn; làm lại; hoàn tác; đã làm; đã xong; hành động; hành vi
dominate,áp đặt; sự thống trị; sự trội hơn; vượt trội; thống trị; có tính thống trị; chủ yếu
doubt,người nghi ngờ; đáng ngờ; không nghi ngờ; một cách nghi ngờ; một cách không nghi ngờ
draw,rút lui; đã rút lui; được kéo; sự rút lui; bản vẽ; thấu chi; bị quá hạn; có thể rút
duty,có trách nhiệm; một cách có trách nhiệm
ecology,nhà sinh thái học; thuộc sinh thái; một cách sinh thái
edit,phiên bản; biên tập viên; công việc biên tập; đã chỉnh sửa; chưa chỉnh sửa; thuộc biên tập; một cách biên tập
effect,sự hiệu quả; không hiệu quả; có hiệu lực; không hiệu lực; hiệu quả; không hiệu quả; một cách hiệu quả; một cách không hiệu quả
relate,mối quan hệ; mối quan hệ; có liên quan; không liên quan; tương đối; một cách tương đối
relax,sự thư giãn; thư giãn
repair,thợ sửa chữa; người sửa chữa; sự sửa chữa; sự sửa chữa; không thể sửa; một cách không thể sửa
reside,nhà ở; cư dân; cư trú; thuộc nhà ở; một cách thuộc về nhà ở
resolve,sự giải quyết; thiếu quyết đoán; được giải quyết; chưa được giải quyết; kiên quyết; thiếu kiên quyết; một cách kiên quyết
respond,phản hồi; người trả lời; đáp ứng; không đáp ứng; một cách đáp ứng; một cách không đáp ứng
rest,sự bồn chồn; bất ổn; bồn chồn; yên tĩnh; một cách yên tĩnh; không yên; một cách không yên
result,như kết quả; xảy ra do
revolt,cách mạng hóa; cách mạng; mang tính cách mạng; gây phản cảm
rhythm,có nhịp điệu; mang tính nhịp điệu; một cách nhịp nhàng
rigid,sự cứng nhắc; một cách cứng nhắc
risk,mạo hiểm
surround,vùng xung quanh; vòng xuyến; bao quanh; một cách thẳng thắn
sane,sự tỉnh táo; sự điên loạn; điên rồ; một cách điên rồ
satisfy,đủ tốt; không đủ tốt; hài lòng; không hài lòng; thỏa mãn; không thỏa mãn; sự hài lòng
say,phản đối; câu nói; chưa được nói ra
seem,có vẻ; một cách có vẻ
select,bỏ chọn; sự lựa chọn; có chọn lọc; một cách chọn lọc
self,sự ích kỷ; sự không ích kỷ; ích kỷ; không ích kỷ; vị tha; một cách vị tha
sense,làm giảm nhạy cảm; sự nhạy cảm; sự thiếu nhạy cảm; sự quá nhạy cảm; sự nhạy cảm; vô nghĩa; sự vô nghĩa; ham muốn nhục dục; sự kích thích giác quan; cảm biến; quá nhạy cảm; quá nhạy cảm; vô lý; thuộc giác quan
sense,khôn ngoan; vô lý; một cách hợp lý; nhạy cảm; không nhạy cảm; một cách nhạy cảm; một cách không nhạy cảm; gây xúc động; không gây xúc động; một cách gây xúc động; một cách không gây xúc động; gợi cảm; một cách gợi cảm; kích thích giác quan; một cách kích thích giác quan
separate,sự chia cách; có thể tách rời; không thể tách rời; đã ly thân; một cách riêng biệt
shelf,xếp lên kệ; giá sách; vật liệu làm kệ
signify,sự quan trọng; sự không quan trọng; một cách đáng kể; một cách không đáng kể
slip,sự trượt giá; trơn trượt
soft,làm mềm; chất làm mềm; một cách nhẹ nhàng
solid,làm cứng lại; sự vững chắc
space,sự giãn cách; sự rộng rãi; rộng rãi; một cách rộng rãi
speak,nói; bài phát biểu; diễn giả; người phát ngôn (nam); người phát ngôn (nữ); các nữ phát ngôn viên; người phát ngôn
speak,các phát ngôn viên; sự thẳng thắn; được nói ra; chưa được nói ra; không nói nên lời; không thể diễn tả; cực kỳ; thẳng thắn; một cách thẳng thắn
speed,đã chạy nhanh; lái xe quá tốc độ; nhanh chóng; một cách nhanh chóng
sport,vận động viên nam; vận động viên nữ; vận động viên; tinh thần thể thao; các môn thể thao; (thuộc) thể thao; thích thể thao
stable,làm ổn định; làm mất ổn định; sự ổn định; sự bất ổn định; thiết bị ổn định; mang tính ổn định; mang tính gây bất ổn
stand,chịu đựng; đã chịu đựng; vị thế; thẳng thắn; nổi bật; mặc dù
state,nói lại; phóng đại; nói giảm; bản tuyên bố; cách nói giảm; bị phóng đại; bị giảm nhẹ
steady,không ổn định; một cách không ổn định; một cách đều đặn
stimulate,sự kích thích; chất kích thích; tác nhân kích thích; các tác nhân kích thích; gây hứng khởi; được kích thích
strong,làm mạnh lên; sức mạnh; thành trì; một cách mạnh mẽ
structure,cơ sở hạ tầng; về mặt cấu trúc; không có cấu trúc
substance,sự chứng minh; chứng minh; không đáng kể; một cách đáng kể
suggest,sự đề xuất; được đề xuất; mang tính gợi ý; dễ bị ảnh hưởng
sympathy,đồng cảm; người ủng hộ; không đồng cảm; một cách cảm thông
talk,người nói; phim nói; phản hồi; nhiều chuyện
tend,xu hướng
terror,khủng bố; làm khiếp sợ; kẻ khủng bố; chủ nghĩa khủng bố; nỗi kinh hoàng; tồi tệ; tuyệt vời; gây kinh hãi; sợ hãi; rất
think,ý nghĩ; nhà tư tưởng; sự suy nghĩ; sự chu đáo; sự vô tâm; không thể nghĩ tới; chu đáo; thiếu suy nghĩ; một cách chu đáo; một cách thiếu suy nghĩ
threat,đe dọa; bị đe dọa; một cách đe dọa
time,định thời gian sai; đồng hồ bấm giờ; thời gian; làm thêm giờ; thời gian biểu; sự vượt thời gian; không đúng lúc; đúng lúc; một cách vượt thời gian
transit,sự chuyển đổi; tạm thời; chuyển tiếp; một cách chuyển tiếp
type,sắp chữ; đóng khung; là điển hình; người đánh máy; máy đánh chữ; kiểu chữ; sự sắp chữ; thợ sắp chữ; được đánh máy; một cách điển hình
up,cao nhất; thẳng đứng; lên trên; một cách tăng lên
use,lạm dụng; dùng sai; tái sử dụng; dùng quá mức; người dùng; tính hữu dụng; cách sử dụng; sự vô dụng; chưa dùng; không thể dùng; có thể tái sử dụng; bị lạm dụng; một cách lạm dụng; một cách hữu ích
value,định giá lại; đánh giá quá cao; đánh giá; sự đánh giá; sự định giá quá cao; người định giá; vật có giá trị; vô giá; không có giá trị
weigh,cân nặng; vận động viên cử tạ; môn cử tạ; sự quan trọng; thừa cân; thiếu cân; có trọng lượng; trạng thái không trọng lượng; nghiêm trọng
wild,vùng hoang dã; động vật hoang dã; sự hoang dã; một cách điên cuồng
wise,sự khôn ngoan; một cách khôn ngoan; một cách không khôn ngoan
reword,diễn đạt lại; cách diễn đạt; chơi chữ; dài dòng; được soạn thảo; một cách không nói nên lời
work,làm lại; làm việc quá sức; công nhân; tác phẩm; nơi làm việc; hoạt động; không khả thi
worth,sự vô giá trị; xứng đáng; vô giá trị; đáng giá
write,viết lại; đã viết; được viết; bài viết; nhà văn; không được viết ra
young,người trẻ; tuổi trẻ; trẻ trung
zeal,người cuồng tín; một cách sốt sắng
avoid,sự tránh né; không thể tránh; một cách không thể tránh
awe,sự kinh khủng; sự tuyệt vời; kinh ngạc; một cách kinh khủng; một cách tuyệt vời
believe,không tin; niềm tin; người tin tưởng; không thể tin được; một cách không tin
benefit,người hưởng lợi; có lợi; một cách có lợi
brief,cuộc thẩm vấn; sự ngắn gọn; quần lót nam; một cách ngắn gọn
brilliant,sự tài giỏi; một cách xuất sắc
broad,mở rộng; chiều rộng; một cách rộng rãi
capable,khả năng; không có khả năng
cause,nguyên nhân; thuộc về nhân quả; là nguyên nhân gây ra
change,sự trao đổi; sự chuyển đổi; không thay đổi; có thể thay đổi; có thể thay thế cho nhau
approve,không tán thành; sự phê duyệt; sự không đồng tình; được thông qua; bị bác bỏ; một cách tán thành; một cách không tán thành
architect,kiến trúc; về mặt kiến trúc
argue,sự tranh luận; thích tranh cãi; có thể tranh cãi; không thể tranh cãi; có thể cho là
arrange,sắp xếp lại; sự sắp xếp; sự sắp xếp lại; đã được sắp xếp
art,nghệ thuật; sự khéo léo; tính chất nhân tạo; nghệ sĩ; thuộc về nghệ thuật; một cách nghệ thuật; nhân tạo; một cách nhân tạo; khéo léo; một cách khéo léo; ngây thơ; một cách ngây thơ
assess,đánh giá lại; sự đánh giá; sự đánh giá lại; người đánh giá; đã được đánh giá
associate,tách rời; hiệp hội; cộng sự; có liên quan
assume,giả định; giả sử; khiêm tốn; giả tạo
attach,đính kèm lại; tệp đính kèm; không gắn bó
available,sự sẵn có; sự không sẵn có
access,khả năng tiếp cận; có thể tiếp cận; không thể tiếp cận
act,ban hành; phản ứng; chống lại; tương tác; giao dịch; diễn quá mức; phản ứng thái quá; tắt; kích hoạt lại; tạm quyền; nam diễn viên; nữ diễn viên; hành động; sự không hoạt động; chất phóng xạ; giao dịch; nhà hoạt động; chủ nghĩa hoạt động; sự tương tác; sự phản ứng thái quá; sự diễn quá mức; phản động; lò phản ứng; mang tính giao dịch; năng động; hiếu động; phóng xạ; hoạt động quá mức; một cách năng động; một cách không hoạt động
adapt,sự thích nghi; bộ chuyển đổi; có thể thích nghi
add,phụ lục; các phụ lục; chất phụ gia; bổ sung; ngoài ra
adequate,sự đầy đủ; sự thiếu hụt; không đủ; một cách đầy đủ; một cách không đầy đủ
adjust,điều chỉnh lại; sự điều chỉnh; có thể điều chỉnh
admire,sự ngưỡng mộ; người ngưỡng mộ; đáng ngưỡng mộ; một cách đáng ngưỡng mộ; một cách ngưỡng mộ
aggression,tính hung hăng; kẻ tấn công; hung hăng; một cách hung hăng
alter,sự thay đổi; có thể thay đổi; không thay đổi; luân phiên; phương án thay thế
analyse,sự phân tích; nhà phân tích; (thuộc) phân tích
antique,thời cổ đại; lỗi thời
appear,biến mất; xuất hiện lại; sự biến mất; sự xuất hiện lại; bóng ma; rõ ràng; có vẻ như
apply,nộp lại; áp dụng sai; người nộp đơn; đơn xin; khả năng áp dụng; không thể áp dụng; có thể áp dụng; không thể áp dụng; (thuộc) ứng dụng; bị áp dụng sai
appreciate,sự cảm kích; đáng kể; một cách đáng kể; biết ơn; không biết ơn; một cách biết ơn; một cách không biết ơn
